node_id,lat,lon,total_conflicts_office,severe_conflicts_office,total_conflicts_noon,severe_conflicts_noon,total_conflicts_evening,severe_conflicts_evening,total_conflicts_midnight,severe_conflicts_midnight
1174832834,22.57121595357121,88.353192709397,0,0,32.0,16.0,0,0,0.0,0.0
1186025302,22.571315668711904,88.35259186993966,0,0,0.0,0.0,0,0,0.0,0.0
1174832972,22.57520528214189,88.35355582072634,0,0,0.0,0.0,0,0,0.0,0.0
cluster_1189036595_13298747741,22.57509688724045,88.35397501153209,0,0,65.0,32.0,0,0,2.0,2.0
1174833090,22.57530296815583,88.35314255462443,0,0,0.0,0.0,0,0,0.0,0.0
1174832534,22.574811689086847,88.35299488662051,0,0,0.0,0.0,0,0,0.0,0.0
1186025330,22.574232397124288,88.3528090139375,0,0,32.0,14.0,0,0,6.0,6.0
1186025292,22.57561388873909,88.3532242722462,0,0,10.0,2.0,0,0,0.0,0.0
1189036707,22.576047534864216,88.35332994722307,0,0,0.0,0.0,0,0,0.0,0.0
1189036484,22.576503068370783,88.35345353775631,0,0,0.0,0.0,0,0,0.0,0.0
1174832895,22.57702815529232,88.35359784393474,0,0,40.0,6.0,0,0,2.0,0.0
1174833147,22.575771377001804,88.35252010631395,0,0,4.0,2.0,0,0,0.0,0.0
1174832527,22.574453714222475,88.3520865120077,0,0,4.0,0.0,0,0,0.0,0.0
1174833066,22.577225808992544,88.35297225979502,0,0,4.0,0.0,0,0,0.0,0.0
1174832855,22.57527073886645,88.35100471141466,0,0,6.0,2.0,0,0,0.0,0.0
1189036766,22.57525481072833,88.35054647250432,0,0,0.0,0.0,0,0,0.0,0.0
1186025321,22.57527808094064,88.35125940358947,0,0,0.0,0.0,0,0,0.0,0.0
1174832816,22.575223984383424,88.35153790824157,0,0,0.0,0.0,0,0,0.0,0.0
cluster_1174832725_13298747729_13298747740,22.57459216211288,88.35382604243047,0,0,39.0,12.0,0,0,0.0,0.0
6544715978,22.576007174638097,88.35191211283642,0,0,2.0,0.0,0,0,0.0,0.0
1174832779,22.57364001264108,88.35195719720488,0,0,0.0,0.0,0,0,0.0,0.0
1174832885,22.573206196786337,88.35190375367436,0,0,0.0,0.0,0,0,0.0,0.0
11242908390,22.574014572267743,88.35166771923218,0,0,0.0,0.0,0,0,0.0,0.0
1174832811,22.57411775338424,88.35127707224575,0,0,0.0,0.0,0,0,0.0,0.0
11282915069,22.57098095244272,88.35118356585816,0,0,72.0,16.0,0,0,0.0,0.0
cluster_1186025344_13298747727_13298747728_13298747738_#3more,22.57220210547858,88.35292185263569,0,0,898.0,292.0,0,0,26.0,20.0
1174832997,22.571012736839275,88.35105569403272,0,0,103.0,22.0,0,0,4.0,0.0
1174832716,22.575026406801143,88.35000680147233,0,0,14.0,2.0,0,0,0.0,0.0
1174833041,22.57405203463021,88.34976836701316,0,0,0.0,0.0,0,0,0.0,0.0
1176977352,22.57779804304741,88.35957883597573,0,0,0.0,0.0,0,0,0.0,0.0
cluster_1176977581_1176977943,22.57702983565986,88.35934701984806,0,0,0.0,0.0,0,0,0.0,0.0
1189036795,22.57592780259925,88.35994757217253,0,0,8.0,6.0,0,0,0.0,0.0
1191863915,22.575835411486786,88.36058681633969,0,0,2.0,2.0,0,0,0.0,0.0
1189036489,22.576845651791903,88.35865516355285,0,0,0.0,0.0,0,0,0.0,0.0
1176977453,22.57730444396693,88.35690705653937,0,0,4.0,0.0,0,0,2.0,0.0
1176978389,22.57668172895104,88.35677277190399,0,0,10.0,4.0,0,0,0.0,0.0
12123661005,22.574354069379183,88.35615097726945,0,0,0.0,0.0,0,0,0.0,0.0
1177160664,22.57409250867504,88.35606419340814,0,0,0.0,0.0,0,0,0.0,0.0
1189036574,22.57483353856089,88.35629562245266,0,0,0.0,0.0,0,0,0.0,0.0
1177161047,22.570004087059303,88.35670934588626,0,0,3.0,0.0,0,0,0.0,0.0
1177161432,22.57095775955296,88.3564989825272,0,0,28.0,12.0,0,0,0.0,0.0
cluster_10943484228_1190100465,22.567427130487207,88.3499297722738,0,0,4.0,0.0,0,0,0.0,0.0
1177160399,22.56788153323447,88.35007015611401,0,0,146.0,54.0,0,0,10.0,6.0
1177160675,22.56709324130088,88.34977568324467,0,0,0.0,0.0,0,0,0.0,0.0
1187083424,22.56702076543638,88.34969416125762,0,0,0.0,0.0,0,0,0.0,0.0
10943498141,22.56666540961792,88.34956874807615,0,0,12.0,6.0,0,0,0.0,0.0
1177160515,22.56607185836104,88.34935932606618,0,0,6.0,4.0,0,0,0.0,0.0
1177160684,22.571925313628935,88.35663430009069,0,0,38.0,10.0,0,0,2.0,0.0
10943435168,22.571857970843933,88.35587009092055,0,0,0.0,0.0,0,0,0.0,0.0
6546843161,22.575318612539704,88.35525154430397,0,0,0.0,0.0,0,0,0.0,0.0
1177161548,22.5743030429459,88.35476913863768,0,0,0.0,0.0,0,0,0.0,0.0
1189036577,22.57591390291908,88.35542494173575,0,0,0.0,0.0,0,0,0.0,0.0
1177161634,22.576454516246205,88.35561288094803,0,0,0.0,0.0,0,0,0.0,0.0
1190100093,22.56929443066344,88.3517359614329,0,0,0.0,0.0,0,0,0.0,0.0
cluster_1177160434_1177161050,22.568806259319057,88.35294696207289,0,0,70.0,18.0,0,0,2.0,0.0
1177161018,22.569502893338285,88.3513814625359,0,0,18.0,6.0,0,0,0.0,0.0
1177160807,22.569997072990475,88.35123816258634,0,0,41.0,10.0,0,0,0.0,0.0
1177160693,22.57318684024933,88.35854693391815,0,0,0.0,0.0,0,0,0.0,0.0
1177161022,22.57279234944269,88.35797674685944,0,0,260.0,74.0,0,0,0.0,0.0
1189868591,22.57107587346492,88.35376008705416,0,0,2.0,2.0,0,0,0.0,0.0
1177161553,22.57063625233305,88.3546314713325,0,0,6.0,6.0,0,0,0.0,0.0
1177160694,22.57394205365655,88.35828610355647,0,0,2.0,2.0,0,0,0.0,0.0
3640245798,22.573501543917292,88.35821283151162,0,0,0.0,0.0,0,0,0.0,0.0
1177161545,22.574992554176056,88.35827850447652,0,0,0.0,0.0,0,0,0.0,0.0
1177161645,22.57472363389204,88.35765196444198,0,0,40.0,10.0,0,0,0.0,0.0
1189036720,22.574876369910225,88.3586667834742,0,0,0.0,0.0,0,0,0.0,0.0
1177161333,22.57484929113494,88.35892103996773,0,0,0.0,0.0,0,0,0.0,0.0
1177161389,22.574852283524795,88.35910118955766,0,0,0.0,0.0,0,0,0.0,0.0
10281958931,22.574770951538223,88.35941589390522,0,0,0.0,0.0,0,0,0.0,0.0
1177160773,22.568079861535047,88.3516304637343,0,0,0.0,0.0,0,0,0.0,0.0
663943275,22.567575672362384,88.35150330180771,0,0,0.0,0.0,0,0,0.0,0.0
1177161481,22.572410160349538,88.35452480780106,0,0,0.0,0.0,0,0,0.0,0.0
1177161509,22.57284385093382,88.3554391666672,0,0,0.0,0.0,0,0,0.0,0.0
cluster_11502623497_1177160337,22.572813398866312,88.35328679132752,0,0,52.0,22.0,0,0,8.0,4.0
1190100054,22.56680360466077,88.35209387309988,0,0,0.0,0.0,0,0,0.0,0.0
1190100077,22.567045810908905,88.35137861371089,0,0,0.0,0.0,0,0,0.0,0.0
1189036763,22.57365060000375,88.3561779386311,0,0,0.0,0.0,0,0,0.0,0.0
1177161049,22.573293452609025,88.35606221016512,0,0,110.0,28.0,0,0,0.0,0.0
1177161446,22.573946735203723,88.3562348139385,0,0,0.0,0.0,0,0,0.0,0.0
1177160524,22.57393444076498,88.35846011812434,0,0,7.0,2.0,0,0,0.0,0.0
1177161043,22.574387789956585,88.35888422527012,0,0,0.0,0.0,0,0,0.0,0.0
1177160691,22.57394679759333,88.35771408705128,0,0,233.0,76.0,0,0,4.0,0.0
1177161074,22.56829233874282,88.3509810391508,0,0,8.0,0.0,0,0,0.0,0.0
1177160983,22.575682572613783,88.35836822865477,0,0,0.0,0.0,0,0,0.0,0.0
1177161573,22.56959870052732,88.35465644015814,0,0,313.0,92.0,0,0,2.0,0.0
1177161508,22.568856378448416,88.35451361504018,0,0,189.0,70.0,0,0,2.0,2.0
10907806554,22.57030479468226,88.3547145936454,0,0,28.0,10.0,0,0,0.0,0.0
1189036486,22.57519106023093,88.35700880924341,0,0,0.0,0.0,0,0,0.0,0.0
1177160600,22.575034137790887,88.35735506482729,0,0,0.0,0.0,0,0,0.0,0.0
1177160446,22.57544803291875,88.35617335380904,0,0,0.0,0.0,0,0,0.0,0.0
1177160571,22.573558473219304,88.35510721737334,0,0,0.0,0.0,0,0,0.0,0.0
1177160978,22.572943729188676,88.35477714984015,0,0,94.0,28.0,0,0,0.0,0.0
1177161095,22.574178104851303,88.35523251297694,0,0,0.0,0.0,0,0,0.0,0.0
10943277968,22.57158255100902,88.35651579529627,0,0,124.0,24.0,0,0,0.0,0.0
cluster_1177161169_664472775,22.57102991487022,88.35627561422059,0,0,582.0,152.0,0,0,6.0,0.0
1177161612,22.57447252814023,88.3577282825355,0,0,39.0,22.0,0,0,0.0,0.0
1177161504,22.575094858436493,88.35746974246847,0,0,12.0,2.0,0,0,0.0,0.0
1189036737,22.575234351777272,88.35740118078535,0,0,8.0,4.0,0,0,0.0,0.0
1177160599,22.57598198995622,88.35724569434836,0,0,260.0,78.0,0,0,8.0,0.0
1189036777,22.57201749846334,88.35698055571,0,0,68.0,22.0,0,0,0.0,0.0
cluster_10943433501_10943433503,22.572035257467117,88.35729476671229,0,0,139.0,50.0,0,0,0.0,0.0
1177161631,22.572510341894645,88.35764827490244,0,0,337.0,98.0,0,0,4.0,0.0
1177161483,22.572919382861816,88.3576832091468,0,0,284.0,88.0,0,0,36.0,4.0
1189036857,22.57339548443856,88.3576917634191,0,0,204.0,66.0,0,0,0.0,0.0
1189036937,22.57419094120869,88.35772416219234,0,0,24.0,8.0,0,0,0.0,0.0
1177161371,22.56894969615748,88.35709202576514,0,0,195.0,52.0,0,0,0.0,0.0
1189868548,22.56838551192779,88.35691455979011,0,0,343.0,99.0,0,0,2.0,0.0
1189868581,22.56995683488181,88.35689288754371,0,0,0.0,0.0,0,0,0.0,0.0
1177160687,22.56872928571196,88.3547720386315,0,0,75.0,26.0,0,0,0.0,0.0
664472699,22.56797131329064,88.35458928487955,0,0,329.0,86.0,0,0,0.0,0.0
1177161154,22.568445835304324,88.3553316812101,0,0,489.0,140.0,0,0,12.0,2.0
1177160864,22.56767952940121,88.3550875745227,0,0,508.0,160.0,0,0,4.0,0.0
1177161408,22.566394450443745,88.35195402249684,0,0,0.0,0.0,0,0,0.0,0.0
11372704310,22.56708306823933,88.35117990221399,0,0,0.0,0.0,0,0,0.0,0.0
1177161703,22.57169088268994,88.35423048690492,0,0,0.0,0.0,0,0,0.0,0.0
1177161547,22.573441956145416,88.35552515534572,0,0,15.0,6.0,0,0,0.0,0.0
1177161474,22.575468076413085,88.35919933187039,0,0,39.0,16.0,0,0,0.0,0.0
1177160733,22.574270079676086,88.35643881361176,0,0,0.0,0.0,0,0,0.0,0.0
1177160667,22.57392828100468,88.35633451585143,0,0,0.0,0.0,0,0,0.0,0.0
1177161625,22.574716644757416,88.35661873368213,0,0,0.0,0.0,0,0,0.0,0.0
1189036735,22.57510483481199,88.35630975403949,0,0,0.0,0.0,0,0,0.0,0.0
1189036456,22.57496784738669,88.35691597967583,0,0,0.0,0.0,0,0,0.0,0.0
1177161280,22.575184579809832,88.35608606429666,0,0,0.0,0.0,0,0,0.0,0.0
1189036581,22.57521449863902,88.3559335655531,0,0,0.0,0.0,0,0,0.0,0.0
1189036567,22.57526283060756,88.35561124071086,0,0,0.0,0.0,0,0,0.0,0.0
1177161647,22.57447406500373,88.35844410847463,0,0,0.0,0.0,0,0,0.0,0.0
1177161537,22.574342541243496,88.35536561234862,0,0,0.0,0.0,0,0,0.0,0.0
1189036826,22.574207284832102,88.35576712718824,0,0,0.0,0.0,0,0,0.0,0.0
1177160431,22.57381396335568,88.35691946465657,0,0,0.0,0.0,0,0,0.0,0.0
1177160598,22.569130391186377,88.35612281879348,0,0,4.0,2.0,0,0,0.0,0.0
1177160765,22.56814184455718,88.35573493297038,0,0,343.0,102.0,0,0,0.0,0.0
1177161549,22.568138748640493,88.35385209315947,0,0,194.0,34.0,0,0,4.0,0.0
1177160866,22.56753445371693,88.35369652051925,0,0,142.0,36.0,0,0,0.0,0.0
1177161468,22.56861184498356,88.35387441360297,0,0,8.0,4.0,0,0,0.0,0.0
1177160573,22.56914146708728,88.35402721676769,0,0,142.0,38.0,0,0,0.0,0.0
1177160779,22.5694078852328,88.35647282547072,0,0,2.0,0.0,0,0,0.0,0.0
1177160471,22.56961764008013,88.35576298203223,0,0,169.0,52.0,0,0,0.0,0.0
1177161675,22.57002321529616,88.35589833884029,0,0,209.0,65.0,0,0,0.0,0.0
1177160923,22.56980745475446,88.35663477281982,0,0,7.0,2.0,0,0,0.0,0.0
cluster_1191714258_1191714350,22.567222375229417,88.36099261294709,0,0,18.0,6.0,0,0,0.0,0.0
1190128211,22.566885793957592,88.3605284337677,0,0,173.0,55.0,0,0,6.0,2.0
1177211462,22.567048629680087,88.36145800672703,0,0,49.0,2.0,0,0,0.0,0.0
11499274561,22.56580977071451,88.36143815806483,0,0,2.0,2.0,0,0,0.0,0.0
1191714339,22.565664196417323,88.36213897529584,0,0,0.0,0.0,0,0,0.0,0.0
1177211489,22.565897247738665,88.36099545616977,0,0,0.0,0.0,0,0,0.0,0.0
1177212032,22.56606246385759,88.3605238550201,0,0,2.0,2.0,0,0,0.0,0.0
1190128206,22.566220159501373,88.36031106123096,0,0,12.0,0.0,0,0,2.0,0.0
1177212028,22.566302591831533,88.35989845554714,0,0,12.0,4.0,0,0,0.0,0.0
1177211732,22.56928107756796,88.3590061994639,0,0,0.0,0.0,0,0,0.0,0.0
1177211724,22.56838000339388,88.35873186598134,0,0,200.0,54.0,0,0,0.0,0.0
cluster_1177211353_1177211711,22.567462302351963,88.36178834935455,0,0,56.0,20.0,0,0,6.0,0.0
1177211571,22.567718628468,88.3586620724685,0,0,287.0,89.0,0,0,0.0,0.0
1177211334,22.5677474573134,88.35823269488253,0,0,262.0,86.0,0,0,2.0,0.0
1177211777,22.569399943715844,88.35851438769072,0,0,0.0,0.0,0,0,0.0,0.0
cluster_1177211394_1177211683,22.568432790969567,88.35822491900205,0,0,255.0,68.0,0,0,0.0,0.0
1177211750,22.566697690017836,88.35923256062013,0,0,0.0,0.0,0,0,0.0,0.0
cluster_1190128285_13300645523_13300645535,22.566542660802156,88.35994175317862,0,0,91.0,30.0,0,0,0.0,0.0
1177212160,22.566781901826737,88.3589189722153,0,0,0.0,0.0,0,0,0.0,0.0
1177211424,22.56675524654981,88.35848214906332,0,0,0.0,0.0,0,0,0.0,0.0
1177211896,22.56746054237889,88.35801466517458,0,0,26.0,8.0,0,0,0.0,0.0
1177211474,22.56794944540976,88.3580795564301,0,0,274.0,81.0,0,0,1.0,0.0
1190128241,22.56800340106474,88.3577120820265,0,0,321.0,84.0,0,0,0.0,0.0
11843639551,22.568307156337887,88.35709127883503,0,0,300.0,80.0,0,0,2.0,0.0
1177211862,22.569518204199923,88.35822232762395,0,0,30.0,14.0,0,0,0.0,0.0
1177211652,22.569095940436476,88.35981518348447,0,0,0.0,0.0,0,0,0.0,0.0
1190128269,22.566403130054216,88.35914973218435,0,0,0.0,0.0,0,0,0.0,0.0
1190128256,22.56621360283733,88.35890795571883,0,0,0.0,0.0,0,0,0.0,0.0
1190128244,22.56719137168786,88.35935176897857,0,0,0.0,0.0,0,0,0.0,0.0
1177211785,22.567197881533613,88.36013033312265,0,0,266.0,98.0,0,0,8.0,8.0
1177212077,22.5682201519127,88.36061952580447,0,0,242.0,80.0,0,0,2.0,2.0
1190128289,22.567549956753787,88.3599592200516,0,0,358.0,110.0,0,0,0.0,0.0
1177211769,22.567732902661337,88.35928122232788,0,0,470.0,126.0,0,0,4.0,2.0
cluster_1177211838_13300645525_13300645528,22.56748068114817,88.3601725919936,0,0,219.0,94.0,0,0,84.0,38.0
1177211755,22.56914258346999,88.36206131208844,0,0,0.0,0.0,0,0,0.0,0.0
1177211312,22.56879544887791,88.36187302360403,0,0,0.0,0.0,0,0,0.0,0.0
1177211610,22.5689594311957,88.35976580139834,0,0,0.0,0.0,0,0,0.0,0.0
cluster_10917990606_663844223,22.568362379483972,88.36029211089932,0,0,258.0,88.0,0,0,15.0,2.0
13908994428,22.56928546222025,88.35990797440392,0,0,0.0,0.0,0,0,0.0,0.0
1177211464,22.56977851585046,88.3601439832626,0,0,10.0,4.0,0,0,0.0,0.0
1177212025,22.5681092801348,88.36093450778611,0,0,96.0,40.0,0,0,0.0,0.0
1177211791,22.56929900233374,88.36159438052472,0,0,0.0,0.0,0,0,0.0,0.0
cluster_1177211304_1177211692,22.56827549787022,88.35952267177686,0,0,337.0,98.0,0,0,0.0,0.0
1177211398,22.56717574909479,88.35813344012513,0,0,0.0,0.0,0,0,0.0,0.0
1177211357,22.5667288751932,88.3574448981396,0,0,0.0,0.0,0,0,0.0,0.0
1177211333,22.5694681132502,88.36108974094167,0,0,46.0,14.0,0,0,0.0,0.0
1177211833,22.568902289397656,88.36086118422666,0,0,0.0,0.0,0,0,0.0,0.0
1177212052,22.56514468486963,88.36020656533789,0,0,0.0,0.0,0,0,0.0,0.0
664446531,22.57189713361008,88.35984013586413,0,0,0.0,0.0,0,0,0.0,0.0
1177212155,22.57112767313839,88.35958556020582,0,0,70.0,16.0,0,0,0.0,0.0
1177211361,22.566439428645133,88.36067751569098,0,0,8.0,2.0,0,0,0.0,0.0
1191714356,22.56654933505261,88.36040181724601,0,0,16.0,6.0,0,0,0.0,0.0
1177212006,22.566252872982695,88.36109853233738,0,0,0.0,0.0,0,0,0.0,0.0
1177211687,22.5705609610582,88.35936565331454,0,0,4.0,0.0,0,0,0.0,0.0
663842386,22.570105794466844,88.35913517162301,0,0,98.0,38.0,0,0,0.0,0.0
cluster_1189036471_1189036770,22.571345185762684,88.35900669433711,0,0,56.0,14.0,0,0,0.0,0.0
1177211432,22.571488382353685,88.35847883776778,0,0,227.0,70.0,0,0,0.0,0.0
cluster_1177212073_13300645524_664471560,22.566923595657745,88.36006394234461,0,0,188.0,64.0,0,0,27.0,15.0
cluster_1177211336_1191714436,22.56681478676934,88.36081822703531,0,0,26.0,14.0,0,0,0.0,0.0
cluster_1177211367_9189383185,22.56659318209324,88.36125037610083,0,0,2.0,2.0,0,0,0.0,0.0
1177211468,22.56758446378147,88.35909382095655,0,0,156.0,42.0,0,0,0.0,0.0
1177211801,22.56900034321559,88.36248568786614,0,0,4.0,0.0,0,0,0.0,0.0
663825934,22.569488381472457,88.3530525265701,0,0,387.0,80.0,0,0,0.0,0.0
cluster_10279701142_664471710,22.567898961306405,88.35605718601485,0,0,1059.0,292.0,0,0,46.0,18.0
1174832699,22.5723258025227,88.35224022880304,0,0,106.0,62.0,0,0,2.0,2.0
1186025349,22.57238827114381,88.35204029719974,0,0,12.0,6.0,0,0,0.0,0.0
1174832713,22.57244099148458,88.35187178115854,0,0,37.0,13.0,0,0,0.0,0.0
cluster_13298747751_6469124180,22.572514209488425,88.35167166227103,0,0,165.0,68.0,0,0,2.0,2.0
cluster_13298747747_13298747748_13298747749_13298747755_#2more,22.57268138617273,88.35111416882667,0,0,452.0,144.0,0,0,24.0,14.0
cluster_11502623494_11502623496_1186025300_13298747739,22.573433980238324,88.35347112184665,0,0,24.0,12.0,0,0,2.0,2.0
1186025348,22.57357720324373,88.35292730106126,0,0,0.0,0.0,0,0,0.0,0.0
1186025305,22.5696394155206,88.3525140484582,0,0,48.0,24.0,0,0,0.0,0.0
1186025327,22.570142276629507,88.35267008783426,0,0,0.0,0.0,0,0,0.0,0.0
10943566926,22.575603663007136,88.35133775869939,0,0,0.0,0.0,0,0,0.0,0.0
10943720042,22.576307239344736,88.35154506940111,0,0,0.0,0.0,0,0,0.0,0.0
1186025332,22.576602432626537,88.35163898262871,0,0,0.0,0.0,0,0,0.0,0.0
1186025290,22.57743426381461,88.3518678750688,0,0,0.0,0.0,0,0,0.0,0.0
664446006,22.57931415254153,88.35418088285964,0,0,0.0,0.0,0,0,0.0,0.0
13298747752,22.572404383354264,88.35204687324878,0,0,34.0,12.0,0,0,0.0,0.0
1186025341,22.5736542393007,88.35209125820316,0,0,0.0,0.0,0,0,0.0,0.0
1186025318,22.57320990050993,88.35216132421513,0,0,0.0,0.0,0,0,0.0,0.0
1186025287,22.573186933180104,88.35284043447393,0,0,0.0,0.0,0,0,0.0,0.0
1186025346,22.57412578111737,88.35315663887697,0,0,24.0,10.0,0,0,2.0,0.0
1186025299,22.57652086580179,88.35197256182988,0,0,0.0,0.0,0,0,0.0,0.0
1186025303,22.574299362900163,88.35258996419488,0,0,0.0,0.0,0,0,0.0,0.0
10943484236,22.567118176654844,88.34929083308764,0,0,0.0,0.0,0,0,0.0,0.0
1187083489,22.567231116046656,88.34882366351948,0,0,0.0,0.0,0,0,0.0,0.0
1189036526,22.570686201507165,88.35733951956735,0,0,0.0,0.0,0,0,0.0,0.0
10281958924,22.57152540361465,88.35831979994876,0,0,0.0,0.0,0,0,0.0,0.0
1189036932,22.576226975460727,88.35871640012158,0,0,6.0,2.0,0,0,0.0,0.0
1189036870,22.576225259354548,88.35641807575948,0,0,0.0,0.0,0,0,0.0,0.0
cluster_1189036692_13298747742,22.576000494893822,88.35447479926259,0,0,24.0,12.0,0,0,0.0,0.0
1189036564,22.57625767283154,88.3538064254548,0,0,0.0,0.0,0,0,0.0,0.0
1189036710,22.57463646810463,88.35678649530476,0,0,0.0,0.0,0,0,0.0,0.0
cluster_11126932580_1189036622,22.57146646310191,88.36057864496344,0,0,0.0,0.0,0,0,0.0,0.0
1189036929,22.57044484805985,88.35995873675681,0,0,0.0,0.0,0,0,0.0,0.0
1189036694,22.57000832734056,88.35943541077614,0,0,67.0,16.0,0,0,0.0,0.0
1189036539,22.571495667511684,88.35692166479025,0,0,0.0,0.0,0,0,0.0,0.0
1189036749,22.57709958898749,88.34824949337877,0,0,0.0,0.0,0,0,0.0,0.0
1189036681,22.576890648033626,88.34816663824283,0,0,0.0,0.0,0,0,0.0,0.0
1189036823,22.57745432702164,88.34839474907389,0,0,0.0,0.0,0,0,0.0,0.0
10680197981,22.57667279705043,88.35085449988296,0,0,0.0,0.0,0,0,0.0,0.0
1174833124,22.5781449830235,88.35114010961392,0,0,0.0,0.0,0,0,0.0,0.0
10680197991,22.576335983176733,88.35075843188767,0,0,0.0,0.0,0,0,0.0,0.0
10680197995,22.575875427127567,88.35065182151999,0,0,0.0,0.0,0,0,0.0,0.0
1174832475,22.574917444812183,88.3505160498227,0,0,76.0,32.0,0,0,2.0,0.0
cluster_1177161068_1177161589,22.57447205467116,88.35723907554328,0,0,0.0,0.0,0,0,0.0,0.0
12123661004,22.57348453127712,88.35723319730387,0,0,0.0,0.0,0,0,0.0,0.0
663804415,22.576135837816047,88.35673941661213,0,0,0.0,0.0,0,0,0.0,0.0
1189036696,22.575551573202343,88.35652264700063,0,0,0.0,0.0,0,0,0.0,0.0
1189036797,22.57389645773222,88.35869014643914,0,0,0.0,0.0,0,0,0.0,0.0
10281958928,22.573828809934184,88.35911702252491,0,0,13.0,7.0,0,0,0.0,0.0
6508834138,22.574047467869224,88.36061234691266,0,0,0.0,0.0,0,0,0.0,0.0
6508839477,22.57348896359303,88.36044736360499,0,0,0.0,0.0,0,0,0.0,0.0
6508834140,22.57391609623147,88.36109753385604,0,0,0.0,0.0,0,0,0.0,0.0
1189036908,22.57344125793861,88.35684929225411,0,0,0.0,0.0,0,0,0.0,0.0
6546843167,22.57274728358815,88.36093355819347,0,0,0.0,0.0,0,0,0.0,0.0
1189036935,22.57230820228283,88.362056435542,0,0,0.0,0.0,0,0,0.0,0.0
6508839472,22.57280489827477,88.36073212393245,0,0,0.0,0.0,0,0,0.0,0.0
6508839471,22.572920040716312,88.36032876774388,0,0,0.0,0.0,0,0,0.0,0.0
1189036729,22.573454381353336,88.35985920803441,0,0,0.0,0.0,0,0,0.0,0.0
6508839479,22.573531911038643,88.35988720050251,0,0,0.0,0.0,0,0,0.0,0.0
6546843165,22.574242267474823,88.36014567672648,0,0,0.0,0.0,0,0,0.0,0.0
1177160556,22.574725568134262,88.3595916784885,0,0,0.0,0.0,0,0,0.0,0.0
6546843171,22.572306405874325,88.36076525657998,0,0,0.0,0.0,0,0,0.0,0.0
6546843168,22.5724252524038,88.36015906341761,0,0,0.0,0.0,0,0,0.0,0.0
1189036799,22.57136861321337,88.3607424338297,0,0,0.0,0.0,0,0,0.0,0.0
13296545986,22.576104387945456,88.34748965663313,0,0,0.0,0.0,0,0,0.0,0.0
664447223,22.5763816746401,88.34709116145635,0,0,0.0,0.0,0,0,0.0,0.0
1176977350,22.57716157871009,88.35815504427529,0,0,2.0,0.0,0,0,0.0,0.0
1189036901,22.576731230102936,88.35809782033745,0,0,0.0,0.0,0,0,0.0,0.0
1189036513,22.576282241799564,88.35817278254181,0,0,0.0,0.0,0,0,0.0,0.0
1189036828,22.57660069905465,88.3582280343726,0,0,0.0,0.0,0,0,0.0,0.0
1189036644,22.575627385013057,88.35858204368083,0,0,0.0,0.0,0,0,0.0,0.0
1177161076,22.57263893025811,88.35679621345439,0,0,0.0,0.0,0,0,0.0,0.0
1177160566,22.5731330274412,88.3568557084183,0,0,71.0,17.0,0,0,0.0,0.0
6546843174,22.57356599282467,88.35687054826076,0,0,0.0,0.0,0,0,0.0,0.0
1189036917,22.572156251829423,88.3591904844793,0,0,0.0,0.0,0,0,0.0,0.0
1189036817,22.57362113760738,88.35921593792904,0,0,0.0,0.0,0,0,0.0,0.0
1189036814,22.575957546446,88.35375146024022,0,0,0.0,0.0,0,0,0.0,0.0
1189036781,22.576413096007823,88.35377662670706,0,0,0.0,0.0,0,0,0.0,0.0
1189036617,22.57693311223288,88.35394383750562,0,0,2.0,0.0,0,0,0.0,0.0
1189036508,22.574218883884523,88.35737810466406,0,0,0.0,0.0,0,0,0.0,0.0
3640246038,22.57378065783155,88.35728034903221,0,0,0.0,0.0,0,0,0.0,0.0
1189036715,22.576801566548397,88.35028844485812,0,0,0.0,0.0,0,0,0.0,0.0
1189036541,22.577263080302544,88.34991567415463,0,0,0.0,0.0,0,0,0.0,0.0
1189036611,22.576969167224156,88.34975525140743,0,0,0.0,0.0,0,0,0.0,0.0
1189036717,22.571029776813244,88.35833449099056,0,0,130.0,38.0,0,0,0.0,0.0
1189036925,22.57689677645887,88.34892152408815,0,0,0.0,0.0,0,0,0.0,0.0
1189036468,22.573207293320525,88.35644659844729,0,0,55.0,18.0,0,0,0.0,0.0
1189036518,22.57270733199959,88.35634347693501,0,0,0.0,0.0,0,0,0.0,0.0
1189868590,22.56898930034201,88.35663756075628,0,0,22.0,6.0,0,0,0.0,0.0
1177160716,22.57148583605107,88.35486472513927,0,0,4.0,0.0,0,0,0.0,0.0
1189868561,22.571162538195804,88.35586513578707,0,0,0.0,0.0,0,0,0.0,0.0
1189868551,22.569928938668813,88.3554035618901,0,0,0.0,0.0,0,0,0.0,0.0
1189868557,22.57193039152774,88.35174445367714,0,0,0.0,0.0,0,0,0.0,0.0
cluster_1177160373_664472773,22.5692693604682,88.35570949018565,0,0,467.0,176.0,0,0,2.0,0.0
1177161698,22.569040115229644,88.35637430754474,0,0,34.0,10.0,0,0,4.0,2.0
10279701147,22.568893253250284,88.35745471321236,0,0,202.0,66.0,0,0,0.0,0.0
11282908568,22.57052277040054,88.35113834985152,0,0,0.0,0.0,0,0,0.0,0.0
1189868600,22.570434299460004,88.3515197939918,0,0,0.0,0.0,0,0,0.0,0.0
1189868598,22.57055275990613,88.35100909937545,0,0,118.0,32.0,0,0,0.0,0.0
1190100186,22.56839010668093,88.35231873202886,0,0,0.0,0.0,0,0,0.0,0.0
663825914,22.568504375246835,88.35286465737322,0,0,0.0,0.0,0,0,0.0,0.0
1177161157,22.567939572028305,88.35210534140079,0,0,0.0,0.0,0,0,0.0,0.0
664472662,22.56822871519777,88.35278941666273,0,0,0.0,0.0,0,0,0.0,0.0
1190100407,22.57079209832898,88.34836513542078,0,0,70.0,32.0,0,0,0.0,0.0
1190100078,22.570214704412415,88.3481352505081,0,0,0.0,0.0,0,0,0.0,0.0
1190100511,22.567787849273024,88.34785577734826,0,0,0.0,0.0,0,0,0.0,0.0
1190100462,22.56792227265664,88.34745426401012,0,0,0.0,0.0,0,0,0.0,0.0
1190100154,22.56786348710415,88.34763574943378,0,0,0.0,0.0,0,0,0.0,0.0
11282869378,22.56713768746612,88.34464558296449,0,0,0.0,0.0,0,0,0.0,0.0
1190100432,22.567075408029527,88.34484560997697,0,0,0.0,0.0,0,0,0.0,0.0
1190100198,22.567302337406403,88.34411725235452,0,0,0.0,0.0,0,0,0.0,0.0
11282869390,22.567341636489303,88.34396494726326,0,0,0.0,0.0,0,0,0.0,0.0
11282869382,22.56736907929139,88.34385872200848,0,0,0.0,0.0,0,0,0.0,0.0
1190100079,22.566599675959445,88.34357215115246,0,0,0.0,0.0,0,0,0.0,0.0
1190100149,22.56642919429819,88.34383677405708,0,0,0.0,0.0,0,0,0.0,0.0
1190100063,22.565993562724746,88.34365428973304,0,0,0.0,0.0,0,0,0.0,0.0
cluster_11942000232_664472748,22.568538061469336,88.34793105150341,0,0,182.0,68.0,0,0,2.0,0.0
11282888881,22.56991566638146,88.34995167212071,0,0,0.0,0.0,0,0,0.0,0.0
1190100185,22.569960915787806,88.34979057394331,0,0,0.0,0.0,0,0,0.0,0.0
11282888883,22.570057944283075,88.35054037487689,0,0,0.0,0.0,0,0,0.0,0.0
1190100064,22.570178801771288,88.35058249640267,0,0,249.0,54.0,0,0,0.0,0.0
1190100199,22.570600972211,88.34906535612926,0,0,52.0,14.0,0,0,0.0,0.0
1190100182,22.569811275594404,88.34838914696859,0,0,0.0,0.0,0,0,0.0,0.0
1190100106,22.570277994648688,88.34577822772953,0,0,0.0,0.0,0,0,0.0,0.0
6173706993,22.56947390503523,88.346355305054,0,0,4.0,2.0,0,0,0.0,0.0
1190100169,22.566256610479897,88.34427710945143,0,0,0.0,0.0,0,0,0.0,0.0
1190100352,22.568299091659178,88.34636606844626,0,0,0.0,0.0,0,0,0.0,0.0
11282915086,22.566200562124557,88.34693697690521,0,0,0.0,0.0,0,0,0.0,0.0
1190100322,22.56439931553266,88.3462100380607,0,0,0.0,0.0,0,0,0.0,0.0
1190100383,22.56659186662746,88.34709492254709,0,0,0.0,0.0,0,0,0.0,0.0
1190100244,22.57270549845904,88.34493437131428,0,0,0.0,0.0,0,0,0.0,0.0
1190100379,22.572240110609066,88.34697854633794,0,0,0.0,0.0,0,0,0.0,0.0
1190100058,22.56723526688061,88.3459258820335,0,0,20.0,8.0,0,0,0.0,0.0
1190100053,22.566833058618563,88.34698318971655,0,0,0.0,0.0,0,0,0.0,0.0
1190100381,22.57062810529016,88.34455602475677,0,0,0.0,0.0,0,0,0.0,0.0
1190100245,22.57163344744784,88.3441923167731,0,0,0.0,0.0,0,0,0.0,0.0
1190100061,22.5683708769763,88.35072807190775,0,0,2.0,2.0,0,0,0.0,0.0
1190100498,22.56778497010423,88.35052280108125,0,0,0.0,0.0,0,0,0.0,0.0
1190100069,22.569572094408212,88.34746417390834,0,0,0.0,0.0,0,0,0.0,0.0
1190100107,22.568871660540594,88.34713973604403,0,0,158.0,40.0,0,0,0.0,0.0
1190100168,22.5699305136066,88.34763376792974,0,0,0.0,0.0,0,0,0.0,0.0
1190100298,22.569029110951053,88.34452719100423,0,0,0.0,0.0,0,0,0.0,0.0
1190100299,22.569689787565324,88.34274782195298,0,0,0.0,0.0,0,0,0.0,0.0
1177161040,22.566843540708543,88.35081394337716,0,0,0.0,0.0,0,0,0.0,0.0
1177161190,22.567243459314437,88.35142936087986,0,0,0.0,0.0,0,0,0.0,0.0
11378851576,22.56640825303448,88.35075281003695,0,0,0.0,0.0,0,0,0.0,0.0
1190100324,22.56768997665185,88.34444379195601,0,0,0.0,0.0,0,0,0.0,0.0
3641857319,22.568545830779243,88.34476096825645,0,0,0.0,0.0,0,0,0.0,0.0
1190100300,22.566232163666687,88.34455423373059,0,0,0.0,0.0,0,0,0.0,0.0
1190100375,22.565797207196688,88.34408593270932,0,0,0.0,0.0,0,0,0.0,0.0
1190100143,22.568894336953655,88.35163568207247,0,0,0.0,0.0,0,0,0.0,0.0
1190100057,22.56906935924905,88.34495238466316,0,0,0.0,0.0,0,0,0.0,0.0
1190100180,22.56888988721821,88.34535200797565,0,0,0.0,0.0,0,0,0.0,0.0
11282869393,22.567555531286573,88.34421180529557,0,0,0.0,0.0,0,0,0.0,0.0
1190100178,22.567740115379618,88.34428060212282,0,0,0.0,0.0,0,0,0.0,0.0
1190100092,22.56986654041769,88.34787375229837,0,0,0.0,0.0,0,0,0.0,0.0
1190100277,22.57009446630147,88.34712516668336,0,0,0.0,0.0,0,0,0.0,0.0
10279761593,22.56742716181832,88.34880719028055,0,0,0.0,0.0,0,0,0.0,0.0
1190100487,22.567404043819376,88.34887124906757,0,0,0.0,0.0,0,0,0.0,0.0
1190100210,22.57453547642392,88.34741740830242,0,0,0.0,0.0,0,0,0.0,0.0
1190100138,22.574948062797624,88.3463832926117,0,0,0.0,0.0,0,0,0.0,0.0
5424221999,22.574300526161416,88.34847542062448,0,0,0.0,0.0,0,0,0.0,0.0
1190100495,22.57413990889955,88.3458713579946,0,0,0.0,0.0,0,0,0.0,0.0
cluster_10279842289_10846984358_2281204203_663943533,22.566365148509814,88.3484641604459,0,0,0.0,0.0,0,0,0.0,0.0
1190100112,22.5667228961853,88.3473783231374,0,0,0.0,0.0,0,0,0.0,0.0
6868769758,22.567326129082176,88.35064193853978,0,0,0.0,0.0,0,0,0.0,0.0
1190100042,22.571013054625773,88.34374631911531,0,0,0.0,0.0,0,0,0.0,0.0
1190100439,22.57044087267599,88.34496569217345,0,0,0.0,0.0,0,0,0.0,0.0
1190100287,22.569287040514045,88.34817485512238,0,0,0.0,0.0,0,0,0.0,0.0
10279761591,22.569020947562745,88.34937013668407,0,0,0.0,0.0,0,0,0.0,0.0
1190128192,22.56767401450185,88.35314782445842,0,0,38.0,6.0,0,0,0.0,0.0
cluster_1177161441_1190128246,22.567407826014144,88.35394279055815,0,0,18.0,8.0,0,0,0.0,0.0
1190128338,22.56546982960425,88.35615683697375,0,0,0.0,0.0,0,0,0.0,0.0
1190128345,22.566293155348426,88.35651528669443,0,0,0.0,0.0,0,0,0.0,0.0
1190128257,22.56769464630642,88.3575987741585,0,0,230.0,72.0,0,0,4.0,0.0
1190128270,22.56661374937036,88.35615693996526,0,0,2.0,0.0,0,0,0.0,0.0
1190128194,22.56573765831363,88.35572552352171,0,0,0.0,0.0,0,0,0.0,0.0
cluster_10279701138_664472033,22.56617769815897,88.35238117586239,0,0,0.0,0.0,0,0,0.0,0.0
1177211771,22.565710308317524,88.35247493738625,0,0,0.0,0.0,0,0,0.0,0.0
1190128342,22.56645386188399,88.35887539749169,0,0,0.0,0.0,0,0,0.0,0.0
1190128236,22.56543852978655,88.35330134854765,0,0,0.0,0.0,0,0,0.0,0.0
1190128318,22.5664060938666,88.35310345316331,0,0,0.0,0.0,0,0,0.0,0.0
1190128311,22.56620250859831,88.35863904497539,0,0,0.0,0.0,0,0,0.0,0.0
1177211877,22.565505192696172,88.3589530412666,0,0,0.0,0.0,0,0,0.0,0.0
1190128367,22.566444969053443,88.3585811252748,0,0,0.0,0.0,0,0,0.0,0.0
1190128349,22.566951206276578,88.35978967201171,0,0,6.0,4.0,0,0,0.0,0.0
1190128237,22.56639909193456,88.35778943961056,0,0,0.0,0.0,0,0,0.0,0.0
1190128225,22.565919469975046,88.35688215650543,0,0,6.0,0.0,0,0,0.0,0.0
10943490952,22.5677333975804,88.35730963385728,0,0,113.0,40.0,0,0,2.0,0.0
cluster_1177211698_663826189,22.56732082586201,88.35682633697648,0,0,377.0,126.0,0,0,0.0,0.0
1190128337,22.566988607112187,88.35962860118326,0,0,0.0,0.0,0,0,0.0,0.0
664472703,22.566698072445085,88.35605428921691,0,0,21.0,6.0,0,0,0.0,0.0
1177211573,22.56620213141384,88.35657712306214,0,0,0.0,0.0,0,0,0.0,0.0
1177211806,22.56387626703597,88.35902547545786,0,0,0.0,0.0,0,0,0.0,0.0
1190128320,22.56666348187653,88.35525084800015,0,0,102.0,40.0,0,0,0.0,0.0
cluster_11158897100_11158897101_11158897102_664471748_#1more,22.5670752823748,88.35445497749566,0,0,544.0,198.0,0,0,6.0,2.0
1177211539,22.569295795665496,88.35774574689094,0,0,142.0,42.0,0,0,0.0,0.0
1177212096,22.57032975899851,88.35844462755016,0,0,98.0,22.0,0,0,6.0,2.0
1190128202,22.56520799142209,88.35999411089868,0,0,0.0,0.0,0,0,0.0,0.0
1190128222,22.56609228104137,88.35478040394032,0,0,2.0,0.0,0,0,0.0,0.0
1190128334,22.56706297441108,88.35570055549098,0,0,2.0,0.0,0,0,0.0,0.0
1190128275,22.56641166004596,88.35936931180902,0,0,0.0,0.0,0,0,0.0,0.0
1191714320,22.568413872849582,88.36144291968736,0,0,0.0,0.0,0,0,0.0,0.0
1191714336,22.568004245006435,88.3611681463934,0,0,35.0,18.0,0,0,0.0,0.0
1191714317,22.566073299551952,88.36179337769943,0,0,0.0,0.0,0,0,0.0,0.0
1177212010,22.566037632018723,88.36177095140482,0,0,0.0,0.0,0,0,0.0,0.0
1177211991,22.56628523899029,88.36192655390968,0,0,0.0,0.0,0,0,0.0,0.0
cluster_1177211428_1177211911,22.56703912686685,88.36222775695141,0,0,12.0,8.0,0,0,0.0,0.0
1191714373,22.567842002834237,88.36138439820662,0,0,42.0,16.0,0,0,2.0,2.0
cluster_1191863963_1191864049,22.57585154968913,88.36089956137782,0,0,6.0,2.0,0,0,0.0,0.0
1191863693,22.575020679972724,88.3606228745883,0,0,4.0,2.0,0,0,0.0,0.0
1191863899,22.576813046013637,88.36108825165047,0,0,0.0,0.0,0,0,0.0,0.0
1191864018,22.57559468114928,88.35987486100478,0,0,0.0,0.0,0,0,0.0,0.0
1191863762,22.575406413493752,88.3605088830815,0,0,0.0,0.0,0,0,0.0,0.0
1191863775,22.57841059688091,88.36152050729342,0,0,0.0,0.0,0,0,0.0,0.0
1191863783,22.571670240816488,88.36271966832848,0,0,0.0,0.0,0,0,0.0,0.0
1191863854,22.570592577992013,88.36214918153782,0,0,1.0,0.0,0,0,0.0,0.0
1191863830,22.571793875732222,88.36202891522599,0,0,1.0,0.0,0,0,2.0,0.0
1191863984,22.57134360965637,88.36216920537471,0,0,0.0,0.0,0,0,0.0,0.0
1191863867,22.57185953025316,88.36185946147552,0,0,2.0,0.0,0,0,0.0,0.0
1191863774,22.57251265057344,88.36214626639809,0,0,0.0,0.0,0,0,0.0,0.0
1191863826,22.57196828608617,88.36336029981568,0,0,0.0,0.0,0,0,0.0,0.0
1191863835,22.576565402001425,88.36075572448156,0,0,0.0,0.0,0,0,0.0,0.0
1191863841,22.57560166904903,88.36234459229392,0,0,0.0,0.0,0,0,0.0,0.0
5169245524,22.57474956137475,88.36315609162821,0,0,0.0,0.0,0,0,0.0,0.0
1191863802,22.570737148275867,88.36175886244297,0,0,0.0,0.0,0,0,0.0,0.0
1191863687,22.57013050934367,88.36189168372391,0,0,0.0,0.0,0,0,0.0,0.0
1191863718,22.575256104553176,88.36334508517245,0,0,0.0,0.0,0,0,0.0,0.0
10281958933,22.57595741546755,88.35979964174619,0,0,2.0,0.0,0,0,0.0,0.0
1176977542,22.57641650599332,88.35766495140328,0,0,17.0,6.0,0,0,2.0,0.0
6469564795,22.576517983017016,88.3573387685065,0,0,36.0,16.0,0,0,2.0,0.0
1177212135,22.566155599040744,88.36412402668452,0,0,0.0,0.0,0,0,0.0,0.0
13300645526,22.56945027396629,88.3606898546922,0,0,104.0,49.0,0,0,40.0,14.0
cluster_13300645520_13300645530_663844204,22.569583741577794,88.36074640477169,0,0,63.0,30.0,0,0,0.0,0.0
cluster_13908994425_13908994429_13908994430,22.5691270752338,88.36052261618964,0,0,141.0,54.0,0,0,22.0,8.0
663826006,22.564865982663346,88.3593809978731,0,0,0.0,0.0,0,0,0.0,0.0
13300645527,22.56821888511195,88.36027835176473,0,0,223.0,77.0,0,0,87.0,46.0
1177212157,22.56810642844221,88.36025779779922,0,0,316.0,100.0,0,0,20.0,6.0
13300645529,22.56771763918961,88.360209927679,0,0,269.0,68.0,0,0,14.0,12.0
1189868546,22.571313871656407,88.35187158290283,0,0,0.0,0.0,0,0,0.0,0.0
13974625517,22.566712940587887,88.34570967738523,0,0,0.0,0.0,0,0,0.0,0.0
13974625509,22.565681787555352,88.34528294757445,0,0,0.0,0.0,0,0,0.0,0.0
cluster_11942000227_11942000230_6173706992,22.569065575631868,88.34662306523101,0,0,372.0,131.0,0,0,8.0,6.0
13974625520,22.569303057881367,88.34678156155216,0,0,35.0,8.0,0,0,0.0,0.0
1190100120,22.56983910543296,88.34974358120262,0,0,0.0,0.0,0,0,0.0,0.0
10279761589,22.569867161559,88.34966157758176,0,0,0.0,0.0,0,0,0.0,0.0
664447219,22.576751105583245,88.34944647045741,0,0,0.0,0.0,0,0,0.0,0.0
10943566925,22.57548258051617,88.35087129653654,0,0,0.0,0.0,0,0,0.0,0.0
10845792723,22.571072748242333,88.35685090510142,0,0,0.0,0.0,0,0,0.0,0.0
1189036859,22.570866037038574,88.35678265130814,0,0,2.0,2.0,0,0,0.0,0.0
10904686761,22.575129694793016,88.3578471505996,0,0,0.0,0.0,0,0,0.0,0.0
1189036625,22.57374033233148,88.36268526717205,0,0,0.0,0.0,0,0,0.0,0.0
10907705739,22.570921163345982,88.3551198475642,0,0,0.0,0.0,0,0,0.0,0.0
10907705738,22.571354234890247,88.3552721034328,0,0,0.0,0.0,0,0,0.0,0.0
10907806555,22.570248629498018,88.35500211117885,0,0,0.0,0.0,0,0,0.0,0.0
10943433498,22.57189917673686,88.35844522637174,0,0,162.0,48.0,0,0,0.0,0.0
10943435169,22.571227085113097,88.35566561702663,0,0,2.0,0.0,0,0,0.0,0.0
10943490816,22.573179905363084,88.35295639246293,0,0,0.0,0.0,0,0,0.0,0.0
10943490813,22.573213361407447,88.3523189130164,0,0,0.0,0.0,0,0,0.0,0.0
10943498145,22.566908653973183,88.34870693598243,0,0,2.0,0.0,0,0,0.0,0.0
10943524296,22.570299369687007,88.3521627871763,0,0,0.0,0.0,0,0,0.0,0.0
11125046588,22.569910106142785,88.35154813827754,0,0,4.0,2.0,0,0,0.0,0.0
10943525385,22.566210885710586,88.35800047906667,0,0,0.0,0.0,0,0,0.0,0.0
11843639556,22.56737143751662,88.35732534584659,0,0,9.0,0.0,0,0,0.0,0.0
10943490945,22.567072327208557,88.35708599833336,0,0,10.0,2.0,0,0,0.0,0.0
10943595338,22.57567787060172,88.34968723645342,0,0,0.0,0.0,0,0,0.0,0.0
13977163698,22.575858389932232,88.34892756073354,0,0,0.0,0.0,0,0,0.0,0.0
664472776,22.57012519913679,88.35314296467173,0,0,12.0,2.0,0,0,0.0,0.0
10943720043,22.57620459521577,88.35188252718754,0,0,0.0,0.0,0,0,0.0,0.0
10943736751,22.57430191635972,88.35944756970994,0,0,0.0,0.0,0,0,0.0,0.0
6508839475,22.5733546703737,88.36093631309836,0,0,0.0,0.0,0,0,0.0,0.0
10964798380,22.570965596286484,88.34599594666076,0,0,0.0,0.0,0,0,0.0,0.0
cluster_1190100404_664446591,22.571349104511725,88.34642691235749,0,0,0.0,0.0,0,0,0.0,0.0
10279701149,22.56491564861758,88.35932887248454,0,0,0.0,0.0,0,0,0.0,0.0
664472751,22.570074914623486,88.35096067764553,0,0,305.0,92.0,0,0,0.0,0.0
1177160369,22.568047685563005,88.3542938972711,0,0,46.0,16.0,0,0,0.0,0.0
1191714332,22.56749455163885,88.36245921797195,0,0,0.0,0.0,0,0,0.0,0.0
1189036844,22.571206214898417,88.36100916476661,0,0,0.0,0.0,0,0,0.0,0.0
11126932585,22.570911751238597,88.36106443144311,0,0,0.0,0.0,0,0,0.0,0.0
11126932584,22.571097688635373,88.36117508501621,0,0,4.0,0.0,0,0,0.0,0.0
11190263237,22.577077641398912,88.36088038295007,0,0,0.0,0.0,0,0,0.0,0.0
11190215836,22.577165533234627,88.36033533289827,0,0,0.0,0.0,0,0,0.0,0.0
11190263238,22.57746626192943,88.36096939855439,0,0,0.0,0.0,0,0,0.0,0.0
11190263239,22.57692700734368,88.3608458356335,0,0,0.0,0.0,0,0,0.0,0.0
11282869379,22.567573010894687,88.34479996311808,0,0,0.0,0.0,0,0,0.0,0.0
10279761590,22.569485201332807,88.34954212671214,0,0,0.0,0.0,0,0,0.0,0.0
1190100283,22.56962827876176,88.34905705637141,0,0,0.0,0.0,0,0,0.0,0.0
1190100139,22.56946409898369,88.3496134999425,0,0,0.0,0.0,0,0,0.0,0.0
1190100094,22.570018003460103,88.34916617545836,0,0,0.0,0.0,0,0,0.0,0.0
1190100153,22.569278749159366,88.34505740786483,0,0,0.0,0.0,0,0,0.0,0.0
1190100192,22.567590628794004,88.34323320206872,0,0,0.0,0.0,0,0,0.0,0.0
1190100514,22.56798144031785,88.34362347131253,0,0,0.0,0.0,0,0,0.0,0.0
11462469754,22.56956993532176,88.36139543557913,0,0,0.0,0.0,0,0,0.0,0.0
11462469753,22.569392500606337,88.36131530682358,0,0,0.0,0.0,0,0,0.0,0.0
11502623495,22.573144558160177,88.35473972428173,0,0,100.0,24.0,0,0,0.0,0.0
9189383180,22.567386647481182,88.35752427776262,0,0,15.0,6.0,0,0,0.0,0.0
10281958930,22.57436364454776,88.35928283867838,0,0,0.0,0.0,0,0,0.0,0.0
12123617513,22.56987814776345,88.36223319012906,0,0,0.0,0.0,0,0,0.0,0.0
10281958927,22.573081889910224,88.35886704418475,0,0,12.0,0.0,0,0,0.0,0.0
1189036615,22.57306636448053,88.35716656659557,0,0,84.0,40.0,0,0,0.0,0.0
1189036584,22.57709237688228,88.35863764468428,0,0,9.0,0.0,0,0,0.0,0.0
1177161205,22.57277401329285,88.35590181023794,0,0,0.0,0.0,0,0,0.0,0.0
13619904153,22.57176368354806,88.35400517731108,0,0,152.0,42.0,0,0,0.0,0.0
cluster_10281958935_12287656430_12287656431_663940647,22.57694084764581,88.36019268570035,0,0,0.0,0.0,0,0,0.0,0.0
663940642,22.57742163950081,88.35576716121726,0,0,8.0,8.0,0,0,0.0,0.0
664447208,22.57719860124379,88.35785691980878,0,0,4.0,0.0,0,0,0.0,0.0
664446594,22.56981906860715,88.34453747909306,0,0,6.0,0.0,0,0,0.0,0.0
663943263,22.570109667776563,88.34309675297254,0,0,4.0,0.0,0,0,0.0,0.0
664446599,22.569722163633102,88.34486010305362,0,0,16.0,6.0,0,0,0.0,0.0
1191863980,22.570056745232005,88.36580493197276,0,0,0.0,0.0,0,0,0.0,0.0
1191863749,22.5709555779944,88.36139251171772,0,0,15.0,2.0,0,0,0.0,0.0
cluster_5424222000_664446587,22.574877029641293,88.34870365263846,0,0,111.0,39.0,0,0,4.0,0.0
664446571,22.57561069187019,88.34677847092597,0,0,0.0,0.0,0,0,0.0,0.0
664446593,22.572664331084837,88.34728260656118,0,0,4.0,0.0,0,0,0.0,0.0
664446596,22.571542857319077,88.34572447237888,0,0,6.0,2.0,0,0,0.0,0.0
664447004,22.56784243319804,88.344001798412,0,0,0.0,0.0,0,0,0.0,0.0
cluster_10943717330_6470135655,22.567407245738927,88.34529939906601,0,0,10.0,4.0,0,0,0.0,0.0
410457342,22.568665079862672,88.34189441838244,0,0,0.0,0.0,0,0,0.0,0.0
664447206,22.57589086735501,88.35755437383793,0,0,10.0,0.0,0,0,0.0,0.0
664472708,22.565829679327056,88.35517053710471,0,0,0.0,0.0,0,0,0.0,0.0
664472048,22.564475543248157,88.35415679357422,0,0,0.0,0.0,0,0,0.0,0.0
7371768928,22.566491833374084,88.35584434849596,0,0,0.0,0.0,0,0,0.0,0.0
664472707,22.56638354721425,88.35432198711636,0,0,0.0,0.0,0,0,0.0,0.0
664472749,22.57070667626749,88.34870693219086,0,0,84.0,24.0,0,0,2.0,2.0
5424222002,22.574321257760047,88.34863113641715,0,0,10.0,2.0,0,0,2.0,0.0
664446124,22.57373945110593,88.35108801258514,0,0,0.0,0.0,0,0,0.0,0.0
663826061,22.57191554170321,88.34439510717067,0,0,0.0,0.0,0,0,0.0,0.0
6749210994,22.56531303230336,88.33993786269782,0,0,0.0,0.0,0,0,0.0,0.0
cluster_1174832977_4137940796,22.575443706647583,88.3460216402473,0,0,0.0,0.0,0,0,0.0,0.0
6173584950,22.57519585448152,88.34654024262969,0,0,0.0,0.0,0,0,0.0,0.0
6173584947,22.57600289308133,88.34580532281518,0,0,0.0,0.0,0,0,0.0,0.0
10560867460,22.5712715317166,88.34936510627128,0,0,0.0,0.0,0,0,0.0,0.0
6469974911,22.571043494136813,88.35005047729894,0,0,0.0,0.0,0,0,0.0,0.0
10560867461,22.571420115137617,88.34883738819615,0,0,0.0,0.0,0,0,0.0,0.0
6469974905,22.570852729151586,88.34815760027985,0,0,114.0,30.0,0,0,0.0,0.0
6470135654,22.568165209367084,88.34547393223666,0,0,0.0,0.0,0,0,0.0,0.0
10904691235,22.574693706716943,88.36105070724312,0,0,0.0,0.0,0,0,0.0,0.0
664446590,22.572426006911325,88.34789241767851,0,0,44.0,16.0,0,0,4.0,0.0
9189383173,22.56655397883648,88.35790872793882,0,0,0.0,0.0,0,0,0.0,0.0
1191863888,22.568884510063032,88.3628314502976,0,0,0.0,0.0,0,0,0.0,0.0
9189383186,22.571991770395456,88.35641194437014,0,0,0.0,0.0,0,0,0.0,0.0
1176978438,22.576407930852668,88.35581384722867,0,0,2.0,0.0,0,0,0.0,0.0
1177161219,22.567808275742305,88.35258468215059,0,0,326.0,72.0,0,0,22.0,2.0
1177160403,22.56880060107069,88.34937635555747,0,0,413.0,112.0,0,0,8.0,0.0
cluster_11944729366_664471711,22.56849216235412,88.35730189161745,0,0,423.0,138.0,0,0,36.0,8.0
6173584946,22.57219538512445,88.34458620589514,0,0,0.0,0.0,0,0,0.0,0.0
664446588,22.57366561665668,88.3455709943617,0,0,2.0,0.0,0,0,0.0,0.0
cluster_10281958925_10281958926_6508834064_6508834065_#1more,22.57242988055185,88.358576276534,0,0,707.0,215.0,0,0,26.0,16.0
cluster_10560867453_663943486,22.57040376700208,88.34981151685993,0,0,164.0,62.0,0,0,12.0,4.0
cluster_10281965682_663944134,22.571059638675184,88.3474488746389,0,0,366.0,98.0,0,0,8.0,2.0
663943276,22.567301875650703,88.35234468315738,0,0,14.0,2.0,0,0,0.0,0.0
cluster_11158897098_664472732,22.56658133771824,88.35331561581253,0,0,10.0,4.0,0,0,0.0,0.0
cluster_10279761592_11942000229_11942000233_663943274,22.56808017789596,88.34907729316154,0,0,572.0,168.0,0,0,14.0,4.0
cluster_664446535_8507351665_8507351666,22.5731532548366,88.35338610162907,0,0,403.0,121.0,0,0,134.0,42.0
664446129,22.57319713229724,88.35119884955249,0,0,202.0,60.0,0,0,0.0,0.0
664446125,22.57395739836789,88.35122746388116,0,0,0.0,0.0,0,0,0.0,0.0
10279701136,22.56597404614345,88.35186307765557,0,0,0.0,0.0,0,0,0.0,0.0
664472733,22.56567766680751,88.35395963983754,0,0,0.0,0.0,0,0,0.0,0.0
cluster_10281958932_663804338,22.575318717187557,88.35969728400889,0,0,191.0,56.0,0,0,2.0,0.0
664447176,22.574273409479925,88.362919353682,0,0,0.0,0.0,0,0,0.0,0.0
cluster_10281958922_663940594,22.570456920276627,88.35805053591923,0,0,785.0,202.0,0,0,6.0,2.0
cluster_10279701141_664472702,22.56752829008733,88.3552745707881,0,0,178.0,60.0,0,0,4.0,0.0
cluster_13298747750_13298747754_7007141699,22.572671865241023,88.35074255865752,0,0,198.0,72.0,0,0,12.0,6.0
2281204505,22.572623811295163,88.350624702547,0,0,0.0,0.0,0,0,0.0,0.0
cluster_663943516_664446119,22.572884725031184,88.35057394889203,0,0,42.0,18.0,0,0,0.0,0.0
8021489624,22.57269888270302,88.35093461054997,0,0,238.0,98.0,0,0,28.0,18.0
10279819094,22.56504592750588,88.3478914580076,0,0,0.0,0.0,0,0,0.0,0.0
10560867456,22.57141644474237,88.35029617760794,0,0,0.0,0.0,0,0,0.0,0.0
10560867452,22.570611490805625,88.34999618353876,0,0,60.0,8.0,0,0,0.0,0.0
1191864053,22.568635979623988,88.3635728925756,0,0,0.0,0.0,0,0,0.0,0.0
6311588102,22.5729250692932,88.3480819606086,0,0,0.0,0.0,0,0,0.0,0.0
cluster_663842376_663944135,22.573618529119116,88.3483330144845,0,0,52.0,12.0,0,0,2.0,2.0
664472746,22.565869777123112,88.35192128684068,0,0,0.0,0.0,0,0,0.0,0.0
663944184,22.565132247121745,88.34804556419454,0,0,0.0,0.0,0,0,0.0,0.0
cluster_13298740740_664446558,22.57395063408587,88.35363012487605,0,0,204.0,72.0,0,0,50.0,24.0
13298747744,22.57771187577208,88.35589157512028,0,0,0.0,0.0,0,0,0.0,0.0
13298747745,22.57777484102655,88.355922341651,0,0,0.0,0.0,0,0,0.0,0.0
13298747746,22.579523343441775,88.35676003988391,0,0,0.0,0.0,0,0,0.0,0.0
664445900,22.579719561441603,88.35681944242918,0,0,0.0,0.0,0,0,0.0,0.0
13298747730,22.57529005189165,88.35405392686611,0,0,0.0,0.0,0,0,0.0,0.0
13298747731,22.57570186840869,88.35420977037586,0,0,0.0,0.0,0,0,0.0,0.0
13298747732,22.57609336702669,88.35460078102493,0,0,0.0,0.0,0,0,0.0,0.0
cluster_13298747733_13298747737_663825864,22.576596213772905,88.35513303220252,0,0,288.0,114.0,0,0,0.0,0.0
13298747734,22.57679717031853,88.35534818838029,0,0,0.0,0.0,0,0,0.0,0.0
13298747735,22.576939493485305,88.35547942086545,0,0,0.0,0.0,0,0,0.0,0.0
10092213337,22.57873427130415,88.36068258499303,0,0,0.0,0.0,0,0,0.0,0.0
11282915078,22.56568854309086,88.34586778399093,0,0,0.0,0.0,0,0,0.0,0.0
11282915095,22.565202649823128,88.3471894700318,0,0,0.0,0.0,0,0,0.0,0.0
2282622910,22.569733139524104,88.36080962734157,0,0,0.0,0.0,0,0,0.0,0.0
664446557,22.574640561023813,88.3514134672004,0,0,547.0,124.0,0,0,14.0,2.0
cluster_5424222009_664446539,22.575280892844987,88.34875319707433,0,0,78.0,22.0,0,0,6.0,2.0
1174757559,22.57989710234308,88.34853095576361,0,0,0.0,0.0,0,0,0.0,0.0
10281965681,22.57239499536099,88.34794998325073,0,0,0.0,0.0,0,0,0.0,0.0
1176978277,22.57809693676309,88.3605899597536,0,0,0.0,0.0,0,0,0.0,0.0
2276455501,22.563049736695977,88.35858733992778,0,0,0.0,0.0,0,0,0.0,0.0
2281204508,22.57264412992576,88.35061439692257,0,0,0.0,0.0,0,0,0.0,0.0
2281204475,22.57215802886039,88.35281453866135,0,0,18.0,8.0,0,0,2.0,0.0
2281204573,22.579659501172507,88.356808350104,0,0,0.0,0.0,0,0,0.0,0.0
8021489684,22.569710249536637,88.36082486593159,0,0,0.0,0.0,0,0,0.0,0.0
2276455498,22.563025583526315,88.3585810738481,0,0,0.0,0.0,0,0,0.0,0.0
2281204572,22.579653161889343,88.35683172782444,0,0,0.0,0.0,0,0,0.0,0.0
1190100135,22.56564048957119,88.3505521895499,0,0,0.0,0.0,0,0,0.0,0.0
1174795871,22.57916688429386,88.3475692366147,0,0,0.0,0.0,0,0,0.0,0.0
1174832667,22.574703938000063,88.34564837794542,0,0,0.0,0.0,0,0,0.0,0.0
4793147775,22.57236323808269,88.35008677090427,0,0,0.0,0.0,0,0,0.0,0.0
4793147774,22.572812879528435,88.34849226234752,0,0,0.0,0.0,0,0,0.0,0.0
6311588103,22.572910056084357,88.34814892128557,0,0,0.0,0.0,0,0,0.0,0.0
663804413,22.577372992014524,88.35227975321281,0,0,0.0,0.0,0,0,0.0,0.0
6544715979,22.577369997743272,88.35234576292792,0,0,0.0,0.0,0,0,0.0,0.0
10904702998,22.573161450808197,88.36243118384783,0,0,0.0,0.0,0,0,0.0,0.0
664447222,22.578135813137063,88.35022179140074,0,0,0.0,0.0,0,0,0.0,0.0
cluster_13977163696_13977163697_664447214,22.57666556165072,88.34900661159256,0,0,0.0,0.0,0,0,0.0,0.0
6173584909,22.576229080369,88.34555464743887,0,0,0.0,0.0,0,0,0.0,0.0
6173584945,22.57228278662482,88.3444602322917,0,0,0.0,0.0,0,0,0.0,0.0
6173584907,22.572706295696516,88.34374863313577,0,0,0.0,0.0,0,0,0.0,0.0
2281204417,22.57117321592296,88.34971475283179,0,0,0.0,0.0,0,0,0.0,0.0
6544730092,22.580545529976572,88.35099156186374,0,0,0.0,0.0,0,0,0.0,0.0
664447076,22.578438373590927,88.34938519206845,0,0,0.0,0.0,0,0,0.0,0.0
3652317576,22.5663069861477,88.35595729720525,0,0,0.0,0.0,0,0,0.0,0.0
4374682259,22.550357971649568,88.32516868017592,0,0,0.0,0.0,0,0,0.0,0.0
1174795982,22.58292381623572,88.34896697843635,0,0,0.0,0.0,0,0,0.0,0.0
