node_id,node_type,has_signal,num_lanes_total,num_connected_edges,avg_speed_limit_ms,lat,lon
1174832834,priority,False,6,6,12.96,22.57121595357121,88.353192709397
1186025302,priority,False,2,2,13.89,22.571315668711904,88.35259186993966
1174832972,right_before_left,False,6,6,5.56,22.575205282141894,88.35355582072634
cluster_1189036595_13298747741,traffic_light,True,6,6,10.19,22.57509688724045,88.35397501153209
1174833090,priority,False,6,6,16.67,22.57530296815583,88.35314255462443
1174832534,priority,False,6,6,16.67,22.574811689086847,88.35299488662051
1186025330,priority,False,4,4,22.22,22.574232397124288,88.3528090139375
1186025292,priority,False,6,6,19.44,22.575613888739092,88.3532242722462
1189036707,priority,False,6,6,16.67,22.576047534864216,88.35332994722307
1189036484,priority,False,6,6,16.67,22.576503068370783,88.35345353775631
1174832895,priority,False,8,6,16.66,22.57702815529232,88.35359784393474
1174833147,priority,False,8,8,13.89,22.575771377001804,88.35252010631395
1174832527,priority,False,6,6,13.89,22.574453714222475,88.3520865120077
1174833066,priority,False,6,4,12.04,22.577225808992544,88.35297225979502
1174832855,priority,False,6,6,13.89,22.575270738866454,88.35100471141466
1189036766,priority,False,6,6,13.89,22.575254810728335,88.35054647250432
1186025321,priority,False,6,6,11.11,22.575278080940638,88.35125940358947
1174832816,priority,False,4,4,12.5,22.575223984383424,88.35153790824157
cluster_1174832725_13298747729_13298747740,traffic_light,True,10,10,10.0,22.57459216211288,88.35382604243047
6544715978,priority,False,4,4,12.5,22.576007174638097,88.35191211283642
1174832779,right_before_left,False,6,6,5.56,22.573640012641082,88.35195719720488
1174832885,priority,False,6,6,8.34,22.573206196786337,88.35190375367436
11242908390,priority,False,2,2,5.56,22.574014572267743,88.35166771923218
1174832811,priority,False,4,4,8.33,22.574117753384236,88.35127707224575
11282915069,priority,False,6,6,11.11,22.570980952442717,88.35118356585816
cluster_1186025344_13298747727_13298747728_13298747738_#3more,traffic_light,True,15,15,11.85,22.57220210547858,88.35292185263569
1174832997,priority,False,4,4,18.05,22.571012736839275,88.35105569403272
1174832716,priority,False,4,4,18.05,22.575026406801143,88.35000680147233
1174833041,priority,False,6,6,13.89,22.57405203463021,88.34976836701316
1176977352,priority,False,2,2,13.89,22.577798043047412,88.35957883597573
cluster_1176977581_1176977943,priority,False,8,8,9.72,22.57702983565986,88.35934701984806
1189036795,priority,False,6,4,15.74,22.57592780259925,88.35994757217253
1191863915,priority,False,6,6,13.89,22.575835411486786,88.36058681633969
1189036489,priority,False,6,6,10.19,22.576845651791903,88.35865516355285
1176977453,priority,False,6,6,12.04,22.57730444396693,88.35690705653937
1176978389,priority,False,6,6,13.89,22.57668172895104,88.35677277190399
12123661005,right_before_left,False,6,6,5.56,22.574354069379186,88.35615097726945
1177160664,right_before_left,False,6,6,5.56,22.574092508675037,88.35606419340814
1189036574,right_before_left,False,6,6,5.56,22.574833538560892,88.35629562245266
1177161047,priority,False,6,6,10.19,22.570004087059303,88.35670934588626
1177161432,priority,False,4,4,6.94,22.570957759552957,88.3564989825272
cluster_10943484228_1190100465,priority,False,8,8,13.89,22.567427130487207,88.3499297722738
1177160399,priority,False,4,4,12.5,22.56788153323447,88.35007015611401
1177160675,priority,False,6,6,11.11,22.567093241300878,88.34977568324467
1187083424,priority,False,6,6,11.11,22.56702076543638,88.34969416125762
10943498141,priority,False,6,6,13.89,22.566665409617922,88.34956874807615
1177160515,priority,False,4,4,12.5,22.56607185836104,88.34935932606618
1177160684,priority,False,8,8,13.89,22.571925313628938,88.35663430009069
10943435168,priority,False,6,6,8.34,22.571857970843933,88.35587009092055
6546843161,right_before_left,False,6,6,5.56,22.575318612539704,88.35525154430397
1177161548,right_before_left,False,6,6,5.56,22.5743030429459,88.35476913863768
1189036577,right_before_left,False,6,6,5.56,22.575913902919076,88.35542494173575
1177161634,priority,False,6,4,9.26,22.576454516246205,88.35561288094803
1190100093,priority,False,6,6,11.11,22.56929443066344,88.3517359614329
cluster_1177160434_1177161050,priority,False,6,6,18.52,22.568806259319057,88.35294696207289
1177161018,priority,False,6,6,13.89,22.569502893338285,88.3513814625359
1177160807,priority,False,6,6,12.04,22.569997072990475,88.35123816258634
1177160693,priority,False,6,6,11.11,22.573186840249335,88.35854693391815
1177161022,priority,False,4,4,18.05,22.572792349442686,88.35797674685944
1189868591,priority,False,6,6,10.19,22.571075873464917,88.35376008705416
1177161553,priority,False,6,6,10.19,22.57063625233305,88.3546314713325
1177160694,priority,False,6,6,11.11,22.57394205365655,88.35828610355647
3640245798,priority,False,2,2,5.56,22.573501543917295,88.35821283151162
1177161545,right_before_left,False,6,6,5.56,22.574992554176056,88.35827850447652
1177161645,priority,False,6,6,16.67,22.574723633892038,88.35765196444198
1189036720,right_before_left,False,6,6,5.56,22.574876369910225,88.3586667834742
1177161333,priority,False,6,6,8.34,22.57484929113494,88.35892103996773
1177161389,right_before_left,False,6,6,5.56,22.574852283524795,88.35910118955766
10281958931,priority,False,6,4,12.97,22.574770951538223,88.35941589390522
1177160773,priority,False,4,4,13.89,22.568079861535047,88.3516304637343
663943275,priority,False,6,6,7.41,22.567575672362384,88.35150330180771
1177161481,right_before_left,False,8,8,5.56,22.572410160349538,88.35452480780106
1177161509,priority,False,6,6,8.34,22.57284385093382,88.3554391666672
cluster_11502623497_1177160337,traffic_light,True,6,6,10.19,22.572813398866312,88.35328679132752
1190100054,priority,False,4,4,16.67,22.566803604660766,88.35209387309988
1190100077,priority,False,4,4,5.56,22.567045810908905,88.35137861371089
1189036763,right_before_left,False,6,6,5.56,22.57365060000375,88.3561779386311
1177161049,priority,False,6,6,11.11,22.573293452609025,88.35606221016512
1177161446,right_before_left,False,6,6,5.56,22.573946735203723,88.3562348139385
1177160524,priority,False,6,6,13.89,22.57393444076498,88.35846011812434
1177161043,priority,False,6,6,13.89,22.574387789956585,88.35888422527012
1177160691,priority,False,6,6,19.44,22.573946797593326,88.35771408705128
1177161074,priority,False,4,4,18.05,22.56829233874282,88.3509810391508
1177160983,priority,False,6,4,9.26,22.575682572613786,88.35836822865477
1177161573,priority,False,8,8,13.89,22.56959870052732,88.35465644015814
1177161508,priority,False,6,6,12.04,22.568856378448416,88.35451361504018
10907806554,priority,False,6,6,10.19,22.57030479468226,88.3547145936454
1189036486,right_before_left,False,6,6,5.56,22.575191060230935,88.35700880924341
1177160600,right_before_left,False,6,6,5.56,22.575034137790887,88.35735506482729
1177160446,right_before_left,False,6,6,5.56,22.57544803291875,88.35617335380904
1177160571,priority,False,6,6,11.11,22.573558473219304,88.35510721737334
1177160978,priority,False,6,6,8.34,22.572943729188673,88.35477714984015
1177161095,right_before_left,False,6,6,5.56,22.574178104851303,88.35523251297694
10943277968,priority,False,6,6,19.44,22.57158255100902,88.35651579529627
cluster_1177161169_664472775,priority,False,6,6,15.74,22.57102991487022,88.35627561422059
1177161612,priority,False,6,6,19.44,22.57447252814023,88.3577282825355
1177161504,priority,False,6,6,16.67,22.575094858436493,88.35746974246847
1189036737,priority,False,6,6,16.67,22.575234351777272,88.35740118078535
1177160599,priority,False,8,6,14.58,22.57598198995622,88.35724569434836
1189036777,priority,False,6,6,16.67,22.57201749846334,88.35698055571
cluster_10943433501_10943433503,priority,False,8,8,18.05,22.572035257467114,88.35729476671229
1177161631,priority,False,6,6,19.44,22.572510341894645,88.35764827490244
1177161483,priority,False,6,6,22.22,22.572919382861816,88.3576832091468
1189036857,priority,False,6,6,16.67,22.57339548443856,88.3576917634191
1189036937,priority,False,6,6,16.67,22.57419094120869,88.35772416219234
1177161371,priority,False,8,8,13.89,22.568949696157482,88.35709202576514
1189868548,priority,False,6,4,23.15,22.56838551192779,88.35691455979011
1189868581,priority,False,6,6,13.89,22.56995683488181,88.35689288754371
1177160687,priority,False,6,6,12.04,22.56872928571196,88.3547720386315
664472699,priority,False,4,4,18.05,22.567971313290638,88.35458928487955
1177161154,priority,False,8,8,12.5,22.568445835304324,88.3553316812101
1177160864,priority,False,4,4,18.05,22.56767952940121,88.3550875745227
1177161408,priority,False,5,5,21.11,22.566394450443745,88.35195402249684
11372704310,priority,False,2,2,13.89,22.56708306823933,88.35117990221399
1177161703,priority,False,4,4,8.33,22.57169088268994,88.35423048690492
1177161547,priority,False,6,6,11.11,22.573441956145416,88.35552515534572
1177161474,priority,False,6,4,9.26,22.575468076413085,88.35919933187039
1177160733,right_before_left,False,6,6,5.56,22.574270079676086,88.35643881361176
1177160667,right_before_left,False,6,6,5.56,22.57392828100468,88.35633451585143
1177161625,right_before_left,False,6,6,5.56,22.574716644757416,88.35661873368213
1189036735,right_before_left,False,6,6,5.56,22.57510483481199,88.35630975403949
1189036456,right_before_left,False,6,6,5.56,22.574967847386695,88.35691597967583
1177161280,right_before_left,False,6,6,5.56,22.575184579809832,88.35608606429666
1189036581,right_before_left,False,6,6,5.56,22.57521449863902,88.3559335655531
1189036567,right_before_left,False,6,6,5.56,22.57526283060756,88.35561124071086
1177161647,priority,False,2,2,13.89,22.574474065003734,88.35844410847463
1177161537,right_before_left,False,6,6,5.56,22.574342541243496,88.35536561234862
1189036826,right_before_left,False,6,6,5.56,22.574207284832102,88.35576712718824
1177160431,right_before_left,False,6,6,5.56,22.57381396335568,88.35691946465657
1177160598,priority,False,6,6,10.19,22.569130391186377,88.35612281879348
1177160765,priority,False,6,6,8.33,22.56814184455718,88.35573493297038
1177161549,priority,False,6,6,16.67,22.568138748640493,88.35385209315947
1177160866,priority,False,4,4,18.05,22.567534453716934,88.35369652051925
1177161468,priority,False,6,6,13.89,22.56861184498356,88.35387441360297
1177160573,priority,False,6,6,12.04,22.569141467087277,88.35402721676769
1177160779,priority,False,6,6,13.89,22.569407885232796,88.35647282547072
1177160471,priority,False,6,6,13.89,22.56961764008013,88.35576298203223
1177161675,priority,False,6,6,13.89,22.570023215296157,88.35589833884029
1177160923,priority,False,6,6,13.89,22.56980745475446,88.35663477281982
cluster_1191714258_1191714350,priority,False,8,8,11.11,22.567222375229417,88.36099261294709
1190128211,priority,False,8,8,13.89,22.566885793957592,88.3605284337677
1177211462,priority,False,6,6,10.19,22.567048629680087,88.36145800672703
11499274561,priority,False,6,6,10.19,22.56580977071451,88.36143815806483
1191714339,priority,False,2,2,13.89,22.565664196417323,88.36213897529584
1177211489,priority,False,6,6,13.89,22.565897247738665,88.36099545616977
1177212032,priority,False,6,6,13.89,22.56606246385759,88.3605238550201
1190128206,priority,False,8,8,13.89,22.566220159501373,88.36031106123096
1177212028,priority,False,6,6,23.15,22.566302591831533,88.35989845554714
1177211732,right_before_left,False,6,6,5.56,22.56928107756796,88.3590061994639
1177211724,priority,False,6,6,13.89,22.568380003393877,88.35873186598134
cluster_1177211353_1177211711,priority,False,8,8,15.28,22.567462302351963,88.36178834935455
1177211571,priority,False,6,6,13.89,22.567718628467997,88.3586620724685
1177211334,priority,False,6,6,13.89,22.567747457313402,88.35823269488253
1177211777,right_before_left,False,6,6,5.56,22.569399943715844,88.35851438769072
cluster_1177211394_1177211683,priority,False,6,6,13.89,22.568432790969567,88.35822491900205
1177211750,right_before_left,False,8,8,5.56,22.566697690017833,88.35923256062013
cluster_1190128285_13300645523_13300645535,traffic_light,True,10,10,17.78,22.566542660802153,88.35994175317862
1177212160,right_before_left,False,8,8,5.56,22.566781901826737,88.3589189722153
1177211424,right_before_left,False,8,8,5.56,22.566755246549814,88.35848214906332
1177211896,priority,False,6,6,13.89,22.56746054237889,88.35801466517458
1177211474,priority,False,6,6,13.89,22.56794944540976,88.3580795564301
1190128241,priority,False,6,6,13.89,22.56800340106474,88.3577120820265
11843639551,priority,False,6,4,12.04,22.568307156337887,88.35709127883503
1177211862,right_before_left,False,6,6,5.56,22.569518204199923,88.35822232762395
1177211652,right_before_left,False,6,6,5.56,22.569095940436473,88.35981518348447
1190128269,right_before_left,False,8,8,5.56,22.566403130054216,88.35914973218435
1190128256,right_before_left,False,6,6,5.56,22.56621360283733,88.35890795571883
1190128244,priority,False,2,2,5.56,22.56719137168786,88.35935176897857
1177211785,priority,False,6,6,20.37,22.567197881533613,88.36013033312265
1177212077,priority,False,6,6,16.67,22.5682201519127,88.36061952580447
1190128289,priority,False,6,6,10.19,22.567549956753787,88.3599592200516
1177211769,priority,False,6,6,13.89,22.567732902661337,88.35928122232788
cluster_1177211838_13300645525_13300645528,traffic_light,True,10,10,19.45,22.567480681148172,88.3601725919936
1177211755,priority,False,4,4,8.33,22.56914258346999,88.36206131208844
1177211312,priority,False,2,2,5.56,22.56879544887791,88.36187302360403
1177211610,right_before_left,False,6,6,5.56,22.5689594311957,88.35976580139834
cluster_10917990606_663844223,traffic_light,True,12,12,18.52,22.568362379483975,88.36029211089932
13908994428,right_before_left,False,6,6,5.56,22.56928546222025,88.35990797440392
1177211464,priority,False,4,4,8.33,22.56977851585046,88.3601439832626
1177212025,priority,False,6,6,15.74,22.568109280134802,88.36093450778611
1177211791,priority,False,4,4,6.94,22.56929900233374,88.36159438052472
cluster_1177211304_1177211692,priority,False,6,6,13.89,22.56827549787022,88.35952267177686
1177211398,priority,False,6,6,8.34,22.56717574909479,88.35813344012513
1177211357,priority,False,8,8,8.33,22.5667288751932,88.3574448981396
1177211333,priority,False,4,4,8.33,22.569468113250196,88.36108974094167
1177211833,priority,False,2,2,5.56,22.568902289397656,88.36086118422666
1177212052,priority,False,2,2,13.89,22.56514468486963,88.36020656533789
664446531,priority,False,4,4,18.05,22.57189713361008,88.35984013586413
1177212155,priority,False,6,6,13.89,22.57112767313839,88.35958556020582
1177211361,priority,False,6,6,13.89,22.566439428645133,88.36067751569098
1191714356,priority,False,6,6,13.89,22.56654933505261,88.36040181724601
1177212006,priority,False,6,6,13.89,22.566252872982698,88.36109853233738
1177211687,priority,False,6,6,11.11,22.570560961058202,88.35936565331454
663842386,priority,False,4,4,12.5,22.570105794466844,88.35913517162301
cluster_1189036471_1189036770,priority,False,8,8,11.11,22.571345185762684,88.35900669433711
1177211432,priority,False,6,4,15.74,22.571488382353685,88.35847883776778
cluster_1177212073_13300645524_664471560,traffic_light,True,10,10,17.22,22.566923595657745,88.36006394234461
cluster_1177211336_1191714436,priority,False,8,8,13.89,22.56681478676934,88.36081822703531
cluster_1177211367_9189383185,priority,False,8,8,11.11,22.566593182093236,88.36125037610083
1177211468,priority,False,6,6,11.11,22.56758446378147,88.35909382095655
1177211801,priority,False,4,4,12.5,22.56900034321559,88.36248568786614
663825934,priority,False,6,6,13.89,22.569488381472457,88.3530525265701
cluster_10279701142_664471710,priority,False,12,8,16.67,22.567898961306405,88.35605718601485
1174832699,priority,False,6,6,12.04,22.5723258025227,88.35224022880304
1186025349,priority,False,6,6,9.26,22.572388271143815,88.35204029719974
1174832713,priority,False,6,6,12.04,22.57244099148458,88.35187178115854
cluster_13298747751_6469124180,traffic_light,True,8,8,10.42,22.572514209488425,88.35167166227103
cluster_13298747747_13298747748_13298747749_13298747755_#2more,traffic_light,True,12,12,14.81,22.57268138617273,88.35111416882667
cluster_11502623494_11502623496_1186025300_13298747739,traffic_light,True,10,10,9.45,22.573433980238324,88.35347112184665
1186025348,right_before_left,False,6,6,5.56,22.573577203243726,88.35292730106126
1186025305,priority,False,6,6,9.26,22.5696394155206,88.3525140484582
1186025327,priority,False,4,4,4.17,22.570142276629507,88.35267008783426
10943566926,priority,False,6,6,8.34,22.575603663007136,88.35133775869939
10943720042,right_before_left,False,6,6,5.56,22.576307239344736,88.35154506940111
1186025332,right_before_left,False,6,6,5.56,22.576602432626537,88.35163898262871
1186025290,priority,False,2,2,5.56,22.57743426381461,88.3518678750688
664446006,priority,False,2,2,22.22,22.579314152541535,88.35418088285964
13298747752,rail_crossing,False,6,6,8.34,22.572404383354264,88.35204687324878
1186025341,right_before_left,False,6,6,5.56,22.5736542393007,88.35209125820316
1186025318,priority,False,4,4,9.72,22.57320990050993,88.35216132421513
1186025287,priority,False,4,4,9.72,22.573186933180104,88.35284043447393
1186025346,priority,False,4,4,13.89,22.57412578111737,88.35315663887697
1186025299,priority,False,4,4,8.33,22.57652086580179,88.35197256182988
1186025303,priority,False,4,4,13.89,22.574299362900163,88.35258996419488
10943484236,priority,False,6,6,8.34,22.567118176654844,88.34929083308764
1187083489,priority,False,4,4,8.33,22.567231116046656,88.34882366351948
1189036526,priority,False,4,4,8.33,22.570686201507165,88.35733951956735
10281958924,priority,False,6,4,12.97,22.57152540361465,88.35831979994876
1189036932,priority,False,6,6,13.89,22.576226975460727,88.35871640012158
1189036870,priority,False,6,4,9.26,22.576225259354548,88.35641807575948
cluster_1189036692_13298747742,traffic_light,True,6,6,10.19,22.576000494893822,88.35447479926259
1189036564,right_before_left,False,6,6,5.56,22.57625767283154,88.3538064254548
1189036710,right_before_left,False,6,6,5.56,22.57463646810463,88.35678649530476
cluster_11126932580_1189036622,priority,False,6,6,13.89,22.57146646310191,88.36057864496344
1189036929,priority,False,2,2,13.89,22.57044484805985,88.35995873675681
1189036694,priority,False,4,4,8.33,22.57000832734056,88.35943541077614
1189036539,priority,False,6,6,11.11,22.571495667511684,88.35692166479025
1189036749,right_before_left,False,6,6,5.56,22.57709958898749,88.34824949337877
1189036681,priority,False,2,2,5.56,22.576890648033626,88.34816663824283
1189036823,priority,False,2,2,5.56,22.577454327021638,88.34839474907389
10680197981,priority,False,6,6,11.11,22.57667279705043,88.35085449988296
1174833124,priority,False,2,2,13.89,22.5781449830235,88.35114010961392
10680197991,priority,False,6,6,11.11,22.576335983176733,88.35075843188767
10680197995,priority,False,6,6,13.89,22.575875427127567,88.35065182151999
1174832475,priority,False,4,4,18.05,22.574917444812186,88.3505160498227
cluster_1177161068_1177161589,right_before_left,False,8,8,5.56,22.574472054671162,88.35723907554328
12123661004,right_before_left,False,6,6,5.56,22.573484531277117,88.35723319730387
663804415,priority,False,6,4,9.26,22.576135837816047,88.35673941661213
1189036696,priority,False,2,2,5.56,22.575551573202343,88.35652264700063
1189036797,priority,False,6,6,11.11,22.57389645773222,88.35869014643914
10281958928,priority,False,6,4,15.74,22.573828809934184,88.35911702252491
6508834138,right_before_left,False,8,8,5.56,22.574047467869224,88.36061234691266
6508839477,right_before_left,False,8,8,5.56,22.57348896359303,88.36044736360499
6508834140,right_before_left,False,6,6,5.56,22.57391609623147,88.36109753385604
1189036908,right_before_left,False,6,6,5.56,22.573441257938615,88.35684929225411
6546843167,right_before_left,False,6,6,5.56,22.57274728358815,88.36093355819347
1189036935,priority,False,6,4,9.26,22.57230820228283,88.362056435542
6508839472,right_before_left,False,6,6,5.56,22.57280489827477,88.36073212393245
6508839471,right_before_left,False,6,6,5.56,22.572920040716312,88.36032876774388
1189036729,right_before_left,False,6,6,5.56,22.573454381353336,88.35985920803441
6508839479,right_before_left,False,6,6,5.56,22.573531911038643,88.35988720050251
6546843165,right_before_left,False,8,8,5.56,22.574242267474826,88.36014567672648
1177160556,priority,False,6,4,12.97,22.574725568134262,88.3595916784885
6546843171,right_before_left,False,6,6,5.56,22.572306405874325,88.36076525657998
6546843168,priority,False,2,2,5.56,22.572425252403796,88.36015906341761
1189036799,priority,False,4,4,13.89,22.57136861321337,88.3607424338297
13296545986,priority,False,2,2,5.56,22.576104387945456,88.34748965663313
664447223,priority,False,4,4,8.33,22.5763816746401,88.34709116145635
1176977350,priority,False,6,6,12.04,22.57716157871009,88.35815504427529
1189036901,priority,False,2,2,13.89,22.576731230102936,88.35809782033745
1189036513,priority,False,6,6,11.11,22.576282241799564,88.35817278254181
1189036828,priority,False,2,2,5.56,22.576600699054655,88.3582280343726
1189036644,priority,False,6,4,9.26,22.575627385013057,88.35858204368083
1177161076,priority,False,6,6,8.34,22.57263893025811,88.35679621345439
1177160566,priority,False,6,6,11.11,22.573133027441198,88.3568557084183
6546843174,right_before_left,False,6,6,5.56,22.57356599282467,88.35687054826076
1189036917,priority,False,4,4,12.5,22.572156251829423,88.3591904844793
1189036817,priority,False,6,4,12.97,22.57362113760738,88.35921593792904
1189036814,right_before_left,False,6,6,5.56,22.575957546446,88.35375146024022
1189036781,right_before_left,False,6,6,5.56,22.576413096007823,88.35377662670706
1189036617,priority,False,6,4,9.26,22.576933112232876,88.35394383750562
1189036508,right_before_left,False,6,6,5.56,22.574218883884523,88.35737810466406
3640246038,priority,False,2,2,5.56,22.57378065783155,88.35728034903221
1189036715,right_before_left,False,6,6,5.56,22.576801566548394,88.35028844485812
1189036541,priority,False,4,4,8.33,22.577263080302544,88.34991567415463
1189036611,priority,False,4,4,8.33,22.576969167224153,88.34975525140743
1189036717,priority,False,6,4,15.74,22.571029776813244,88.35833449099056
1189036925,priority,False,4,4,16.67,22.57689677645887,88.34892152408815
1189036468,priority,False,4,4,13.89,22.573207293320525,88.35644659844729
1189036518,priority,False,6,6,8.34,22.57270733199959,88.35634347693501
1189868590,priority,False,6,6,13.89,22.568989300342015,88.35663756075628
1177160716,priority,False,4,4,6.94,22.57148583605107,88.35486472513927
1189868561,priority,False,4,4,8.33,22.571162538195804,88.35586513578707
1189868551,priority,False,2,2,5.56,22.569928938668813,88.3554035618901
1189868557,priority,False,2,2,13.89,22.57193039152774,88.35174445367714
cluster_1177160373_664472773,priority,False,8,8,13.89,22.569269360468198,88.35570949018565
1177161698,priority,False,6,6,13.89,22.569040115229644,88.35637430754474
10279701147,priority,False,6,4,23.15,22.568893253250284,88.35745471321236
11282908568,right_before_left,False,6,6,5.56,22.57052277040054,88.35113834985152
1189868600,priority,False,2,2,5.56,22.570434299460004,88.3515197939918
1189868598,priority,False,4,4,13.89,22.570552759906132,88.35100909937545
1190100186,right_before_left,False,6,6,5.56,22.56839010668093,88.35231873202886
663825914,priority,False,4,4,16.67,22.568504375246835,88.35286465737322
1177161157,priority,False,4,4,13.89,22.567939572028305,88.35210534140079
664472662,priority,False,5,5,17.78,22.56822871519777,88.35278941666273
1190100407,priority,False,4,4,8.33,22.57079209832898,88.34836513542078
1190100078,priority,False,2,2,5.56,22.570214704412418,88.3481352505081
1190100511,right_before_left,False,6,6,5.56,22.567787849273024,88.34785577734826
1190100462,right_before_left,False,6,6,5.56,22.56792227265664,88.34745426401012
1190100154,right_before_left,False,6,6,5.56,22.56786348710415,88.34763574943378
11282869378,right_before_left,False,6,6,5.56,22.567137687466122,88.34464558296449
1190100432,priority,False,2,2,5.56,22.567075408029527,88.34484560997697
1190100198,right_before_left,False,6,6,5.56,22.567302337406403,88.34411725235452
11282869390,right_before_left,False,6,6,5.56,22.567341636489306,88.34396494726326
11282869382,right_before_left,False,6,6,5.56,22.56736907929139,88.34385872200848
1190100079,right_before_left,False,6,6,5.56,22.566599675959445,88.34357215115246
1190100149,right_before_left,False,6,6,5.56,22.56642919429819,88.34383677405708
1190100063,priority,False,2,2,5.56,22.565993562724742,88.34365428973304
cluster_11942000232_664472748,priority,False,8,8,13.2,22.568538061469336,88.34793105150341
11282888881,right_before_left,False,6,6,5.56,22.56991566638146,88.34995167212071
1190100185,priority,False,4,4,16.67,22.569960915787806,88.34979057394331
11282888883,right_before_left,False,6,6,5.56,22.570057944283075,88.35054037487689
1190100064,priority,False,4,4,8.33,22.570178801771288,88.35058249640267
1190100199,priority,False,4,4,8.33,22.570600972210997,88.34906535612926
1190100182,priority,False,6,6,11.11,22.569811275594404,88.34838914696859
1190100106,priority,False,4,4,5.56,22.570277994648688,88.34577822772953
6173706993,right_before_left,False,6,6,5.56,22.56947390503523,88.346355305054
1190100169,right_before_left,False,6,6,5.56,22.566256610479897,88.34427710945143
1190100352,priority,False,6,6,20.37,22.568299091659178,88.34636606844626
11282915086,priority,False,6,6,4.63,22.566200562124553,88.34693697690521
1190100322,priority,False,2,2,5.56,22.56439931553266,88.3462100380607
1190100383,right_before_left,False,4,4,5.56,22.56659186662746,88.34709492254709
1190100244,priority,False,4,4,8.33,22.572705498459037,88.34493437131428
1190100379,priority,False,6,6,9.26,22.572240110609066,88.34697854633794
1190100058,priority,False,8,8,18.06,22.567235266880612,88.3459258820335
1190100053,right_before_left,False,4,4,5.56,22.566833058618563,88.34698318971655
1190100381,right_before_left,False,6,6,5.56,22.570628105290158,88.34455602475677
1190100245,priority,False,6,6,9.26,22.57163344744784,88.3441923167731
1190100061,priority,False,4,4,13.89,22.5683708769763,88.35072807190775
1190100498,priority,False,4,4,8.33,22.56778497010423,88.35052280108125
1190100069,right_before_left,False,6,6,5.56,22.569572094408215,88.34746417390834
1190100107,priority,False,4,4,8.33,22.568871660540594,88.34713973604403
1190100168,right_before_left,False,6,6,5.56,22.569930513606597,88.34763376792974
1190100298,priority,False,8,8,9.72,22.569029110951053,88.34452719100423
1190100299,priority,False,6,6,9.26,22.569689787565324,88.34274782195298
1177161040,right_before_left,False,6,6,5.56,22.566843540708543,88.35081394337716
1177161190,right_before_left,False,6,6,5.56,22.567243459314433,88.35142936087986
11378851576,priority,False,2,2,5.56,22.566408253034478,88.35075281003695
1190100324,priority,False,6,6,9.26,22.56768997665185,88.34444379195601
3641857319,priority,False,2,2,5.56,22.568545830779243,88.34476096825645
1190100300,priority,False,2,2,5.56,22.566232163666687,88.34455423373059
1190100375,priority,False,2,2,5.56,22.565797207196688,88.34408593270932
1190100143,priority,False,2,2,5.56,22.568894336953658,88.35163568207247
1190100057,right_before_left,False,6,6,5.56,22.56906935924905,88.34495238466316
1190100180,priority,False,2,2,5.56,22.568889887218212,88.34535200797565
11282869393,right_before_left,False,6,6,5.56,22.567555531286573,88.34421180529557
1190100178,priority,False,6,6,9.26,22.567740115379618,88.34428060212282
1190100092,priority,False,2,2,5.56,22.56986654041769,88.34787375229837
1190100277,priority,False,4,4,8.33,22.57009446630147,88.34712516668336
10279761593,priority,False,6,6,12.97,22.567427161818316,88.34880719028055
1190100487,priority,False,4,4,8.33,22.567404043819376,88.34887124906757
1190100210,right_before_left,False,6,6,5.56,22.57453547642392,88.34741740830242
1190100138,priority,False,4,4,8.33,22.574948062797624,88.3463832926117
5424221999,priority,False,4,4,16.67,22.574300526161416,88.34847542062448
1190100495,priority,False,4,4,8.33,22.57413990889955,88.3458713579946
cluster_10279842289_10846984358_2281204203_663943533,priority,False,7,7,14.29,22.566365148509814,88.3484641604459
1190100112,right_before_left,False,4,4,5.56,22.5667228961853,88.3473783231374
6868769758,priority,False,2,2,13.89,22.567326129082176,88.35064193853978
1190100042,priority,False,6,6,9.26,22.571013054625773,88.34374631911531
1190100439,priority,False,6,6,11.11,22.57044087267599,88.34496569217345
1190100287,priority,False,8,8,9.72,22.569287040514045,88.34817485512238
10279761591,priority,False,4,4,16.67,22.569020947562745,88.34937013668407
1190128192,priority,False,4,4,13.89,22.567674014501854,88.35314782445842
cluster_1177161441_1190128246,priority,False,6,6,13.89,22.567407826014144,88.35394279055815
1190128338,priority,False,2,2,5.56,22.565469829604254,88.35615683697375
1190128345,priority,False,6,6,9.26,22.566293155348426,88.35651528669443
1190128257,priority,False,8,8,13.89,22.56769464630642,88.3575987741585
1190128270,priority,False,6,6,9.26,22.566613749370358,88.35615693996526
1190128194,priority,False,2,2,5.56,22.56573765831363,88.35572552352171
cluster_10279701138_664472033,priority,False,11,7,20.2,22.56617769815897,88.35238117586239
1177211771,priority,False,2,2,22.22,22.565710308317524,88.35247493738625
1190128342,right_before_left,False,8,8,5.56,22.56645386188399,88.35887539749169
1190128236,priority,False,2,2,5.56,22.56543852978655,88.35330134854765
1190128318,priority,False,6,4,9.26,22.5664060938666,88.35310345316331
1190128311,right_before_left,False,6,6,5.56,22.56620250859831,88.35863904497539
1177211877,priority,False,2,2,5.56,22.565505192696175,88.3589530412666
1190128367,right_before_left,False,8,8,5.56,22.566444969053443,88.3585811252748
1190128349,right_before_left,False,6,6,2.78,22.566951206276578,88.35978967201171
1190128237,priority,False,6,6,8.33,22.56639909193456,88.35778943961056
1190128225,priority,False,6,6,8.33,22.565919469975046,88.35688215650543
10943490952,priority,False,6,6,10.19,22.567733397580398,88.35730963385728
cluster_1177211698_663826189,priority,False,8,8,11.8,22.56732082586201,88.35682633697648
1190128337,priority,False,2,2,2.78,22.566988607112187,88.35962860118326
664472703,priority,False,7,7,11.11,22.566698072445085,88.35605428921691
1177211573,priority,False,6,6,9.26,22.566202131413842,88.35657712306214
1177211806,priority,False,2,2,11.11,22.56387626703597,88.35902547545786
1190128320,priority,False,6,6,13.89,22.56666348187653,88.35525084800015
cluster_11158897100_11158897101_11158897102_664471748_#1more,priority,False,12,8,18.06,22.567075282374798,88.35445497749566
1177211539,priority,False,6,4,9.26,22.569295795665496,88.35774574689094
1177212096,priority,False,4,4,8.33,22.57032975899851,88.35844462755016
1190128202,priority,False,2,2,13.89,22.565207991422092,88.35999411089868
1190128222,priority,False,6,6,13.89,22.566092281041374,88.35478040394032
1190128334,priority,False,4,4,12.5,22.567062974411076,88.35570055549098
1190128275,priority,False,2,2,5.56,22.56641166004596,88.35936931180902
1191714320,priority,False,2,2,2.78,22.568413872849582,88.36144291968736
1191714336,priority,False,6,6,15.74,22.568004245006435,88.3611681463934
1191714317,right_before_left,False,6,6,2.78,22.566073299551952,88.36179337769943
1177212010,priority,False,2,2,2.78,22.566037632018723,88.36177095140482
1177211991,right_before_left,False,6,6,2.78,22.56628523899029,88.36192655390968
cluster_1177211428_1177211911,priority,False,8,8,15.28,22.567039126866852,88.36222775695141
1191714373,priority,False,6,6,15.74,22.567842002834233,88.36138439820662
cluster_1191863963_1191864049,priority,False,8,8,13.89,22.57585154968913,88.36089956137782
1191863693,priority,False,6,4,12.04,22.575020679972724,88.3606228745883
1191863899,priority,False,6,6,11.11,22.576813046013633,88.36108825165047
1191864018,priority,False,6,4,12.97,22.57559468114928,88.35987486100478
1191863762,priority,False,2,2,5.56,22.575406413493752,88.3605088830815
1191863775,priority,False,2,2,13.89,22.57841059688091,88.36152050729342
1191863783,priority,False,2,2,2.78,22.571670240816488,88.36271966832848
1191863854,priority,False,8,8,12.5,22.570592577992013,88.36214918153782
1191863830,right_before_left,False,6,6,2.78,22.571793875732222,88.36202891522599
1191863984,priority,False,2,2,2.78,22.57134360965637,88.36216920537471
1191863867,priority,False,6,4,8.33,22.571859530253157,88.36185946147552
1191863774,priority,False,6,4,12.04,22.57251265057344,88.36214626639809
1191863826,priority,False,2,2,13.89,22.571968286086175,88.36336029981568
1191863835,priority,False,2,2,13.89,22.576565402001425,88.36075572448156
1191863841,priority,False,6,6,11.11,22.57560166904903,88.36234459229392
5169245524,priority,False,2,2,5.56,22.57474956137475,88.36315609162821
1191863802,priority,False,8,8,12.5,22.570737148275867,88.36175886244297
1191863687,right_before_left,False,6,6,2.78,22.57013050934367,88.36189168372391
1191863718,priority,False,2,2,13.89,22.575256104553176,88.36334508517245
10281958933,priority,False,6,4,15.74,22.57595741546755,88.35979964174619
1176977542,priority,False,8,8,13.89,22.576416505993322,88.35766495140328
6469564795,priority,False,6,6,13.89,22.576517983017016,88.3573387685065
1177212135,priority,False,2,2,22.22,22.566155599040744,88.36412402668452
13300645526,rail_crossing,False,6,6,23.15,22.569450273966286,88.3606898546922
cluster_13300645520_13300645530_663844204,traffic_light,True,9,9,17.9,22.569583741577794,88.36074640477169
cluster_13908994425_13908994429_13908994430,traffic_light,True,10,10,17.78,22.5691270752338,88.36052261618964
663826006,rail_crossing,False,4,4,20.84,22.564865982663346,88.3593809978731
13300645527,rail_crossing,False,6,6,23.15,22.56821888511195,88.36027835176473
1177212157,priority,False,5,5,26.67,22.56810642844221,88.36025779779922
13300645529,rail_crossing,False,6,6,23.15,22.567717639189606,88.360209927679
1189868546,priority,False,2,2,13.89,22.571313871656407,88.35187158290283
13974625517,priority,False,5,5,26.67,22.566712940587887,88.34570967738523
13974625509,priority,False,2,2,27.78,22.565681787555352,88.34528294757445
cluster_11942000227_11942000230_6173706992,priority,False,10,10,17.78,22.569065575631868,88.34662306523101
13974625520,priority,False,4,4,23.61,22.569303057881367,88.34678156155216
1190100120,priority,False,4,4,12.5,22.569839105432962,88.34974358120262
10279761589,priority,False,6,6,12.97,22.569867161558996,88.34966157758176
664447219,priority,False,4,4,8.33,22.576751105583245,88.34944647045741
10943566925,priority,False,6,6,13.89,22.575482580516166,88.35087129653654
10845792723,priority,False,2,2,5.56,22.571072748242333,88.35685090510142
1189036859,priority,False,4,4,8.33,22.570866037038574,88.35678265130814
10904686761,priority,False,2,2,5.56,22.575129694793016,88.3578471505996
1189036625,priority,False,6,4,9.26,22.573740332331482,88.36268526717205
10907705739,priority,False,2,2,5.56,22.570921163345986,88.3551198475642
10907705738,priority,False,4,4,8.33,22.571354234890247,88.3552721034328
10907806555,priority,False,2,2,2.78,22.570248629498018,88.35500211117885
10943433498,priority,False,6,4,15.74,22.57189917673686,88.35844522637174
10943435169,priority,False,4,4,12.5,22.571227085113097,88.35566561702663
10943490816,priority,False,4,4,9.72,22.573179905363084,88.35295639246293
10943490813,priority,False,4,4,9.72,22.573213361407447,88.3523189130164
10943498145,priority,False,4,4,12.5,22.566908653973183,88.34870693598243
10943524296,priority,False,2,2,13.89,22.570299369687007,88.3521627871763
11125046588,priority,False,6,6,12.04,22.569910106142785,88.35154813827754
10943525385,priority,False,6,6,9.26,22.566210885710582,88.35800047906667
11843639556,right_before_left,False,6,6,2.78,22.56737143751662,88.35732534584659
10943490945,priority,False,6,6,8.33,22.567072327208553,88.35708599833336
10943595338,priority,False,2,2,2.78,22.575677870601716,88.34968723645342
13977163698,priority,False,4,4,15.28,22.575858389932232,88.34892756073354
664472776,priority,False,6,6,9.26,22.57012519913679,88.35314296467173
10943720043,priority,False,4,4,8.33,22.576204595215774,88.35188252718754
10943736751,priority,False,6,4,12.97,22.574301916359722,88.35944756970994
6508839475,right_before_left,False,8,8,5.56,22.5733546703737,88.36093631309836
10964798380,priority,False,2,2,13.89,22.570965596286484,88.34599594666076
cluster_1190100404_664446591,priority,False,6,6,12.04,22.571349104511725,88.34642691235749
10279701149,priority,False,2,2,11.11,22.56491564861758,88.35932887248454
664472751,priority,False,4,4,13.89,22.570074914623486,88.35096067764553
1177160369,priority,False,4,4,18.05,22.568047685563005,88.3542938972711
1191714332,priority,False,4,4,9.72,22.567494551638852,88.36245921797195
1189036844,priority,False,4,4,13.89,22.571206214898417,88.36100916476661
11126932585,priority,False,2,2,13.89,22.570911751238594,88.36106443144311
11126932584,priority,False,4,4,18.05,22.571097688635373,88.36117508501621
11190263237,right_before_left,False,6,6,5.56,22.577077641398912,88.36088038295007
11190215836,priority,False,6,4,12.97,22.577165533234627,88.36033533289827
11190263238,priority,False,2,2,5.56,22.57746626192943,88.36096939855439
11190263239,priority,False,2,2,5.56,22.576927007343677,88.3608458356335
11282869379,priority,False,6,6,9.26,22.567573010894687,88.34479996311808
10279761590,priority,False,6,6,12.97,22.569485201332807,88.34954212671214
1190100283,priority,False,2,2,5.56,22.56962827876176,88.34905705637141
1190100139,priority,False,4,4,8.33,22.569464098983694,88.3496134999425
1190100094,priority,False,2,2,5.56,22.570018003460106,88.34916617545836
1190100153,priority,False,2,2,5.56,22.569278749159366,88.34505740786483
1190100192,priority,False,2,2,13.89,22.567590628794004,88.34323320206872
1190100514,priority,False,6,6,12.04,22.56798144031785,88.34362347131253
11462469754,priority,False,2,2,5.56,22.56956993532176,88.36139543557913
11462469753,priority,False,4,4,8.33,22.569392500606337,88.36131530682358
11502623495,priority,False,2,2,2.78,22.573144558160177,88.35473972428173
9189383180,priority,False,4,4,8.34,22.567386647481182,88.35752427776262
10281958930,priority,False,6,4,15.74,22.574363644547756,88.35928283867838
12123617513,priority,False,2,2,2.78,22.56987814776345,88.36223319012906
10281958927,priority,False,6,4,15.74,22.573081889910224,88.35886704418475
1189036615,priority,False,4,4,13.89,22.57306636448053,88.35716656659557
1189036584,priority,False,6,6,12.04,22.57709237688228,88.35863764468428
1177161205,priority,False,6,6,8.34,22.57277401329285,88.35590181023794
13619904153,priority,False,4,4,6.94,22.57176368354806,88.35400517731108
cluster_10281958935_12287656430_12287656431_663940647,priority,False,12,8,13.89,22.576940847645815,88.36019268570035
663940642,traffic_light,True,6,6,12.04,22.57742163950081,88.35576716121726
664447208,priority,False,6,6,12.04,22.57719860124379,88.35785691980878
664446594,priority,False,6,6,12.04,22.56981906860715,88.34453747909306
663943263,priority,False,6,6,11.11,22.570109667776563,88.34309675297254
664446599,priority,False,6,6,12.04,22.569722163633102,88.34486010305362
1191863980,priority,False,2,2,22.22,22.570056745232005,88.36580493197276
1191863749,priority,False,6,5,19.44,22.5709555779944,88.36139251171772
cluster_5424222000_664446587,priority,False,6,6,25.93,22.574877029641293,88.34870365263846
664446571,priority,False,4,4,16.66,22.57561069187019,88.34677847092597
664446593,priority,False,5,5,12.78,22.572664331084834,88.34728260656118
664446596,priority,False,4,4,12.5,22.571542857319074,88.34572447237888
664447004,priority,False,6,6,12.04,22.56784243319804,88.344001798412
cluster_10943717330_6470135655,priority,False,7,7,13.49,22.567407245738927,88.34529939906601
410457342,priority,False,6,6,11.11,22.568665079862672,88.34189441838244
664447206,priority,False,6,4,12.04,22.575890867355014,88.35755437383793
664472708,priority,False,6,6,12.04,22.565829679327056,88.35517053710471
664472048,priority,False,2,2,11.11,22.564475543248154,88.35415679357422
7371768928,right_before_left,False,5,5,9.44,22.566491833374084,88.35584434849596
664472707,priority,False,4,4,12.5,22.56638354721425,88.35432198711636
664472749,priority,False,4,4,12.5,22.570706676267495,88.34870693219086
5424222002,priority,False,4,4,20.84,22.574321257760047,88.34863113641715
664446124,priority,False,4,4,12.5,22.573739451105926,88.35108801258514
663826061,priority,False,4,4,11.11,22.571915541703206,88.34439510717067
6749210994,priority,False,2,2,11.11,22.56531303230336,88.33993786269782
cluster_1174832977_4137940796,rail_crossing,False,8,8,25.0,22.575443706647583,88.3460216402473
6173584950,priority,False,4,4,8.33,22.575195854481517,88.34654024262969
6173584947,priority,False,3,3,4.63,22.576002893081334,88.34580532281518
10560867460,priority,False,6,6,4.63,22.571271531716597,88.34936510627128
6469974911,priority,False,2,2,5.56,22.571043494136813,88.35005047729894
10560867461,priority,False,6,6,4.63,22.571420115137617,88.34883738819615
6469974905,priority,False,4,4,8.33,22.570852729151586,88.34815760027985
6470135654,priority,False,2,2,13.89,22.568165209367084,88.34547393223666
10904691235,priority,False,2,2,5.56,22.574693706716946,88.36105070724312
664446590,priority,False,4,4,20.84,22.572426006911325,88.34789241767851
9189383173,priority,False,2,2,5.56,22.56655397883648,88.35790872793882
1191863888,priority,False,4,4,8.33,22.568884510063032,88.3628314502976
9189383186,priority,False,2,2,5.56,22.571991770395456,88.35641194437014
1176978438,priority,False,6,4,12.04,22.576407930852668,88.35581384722867
1177161219,priority,False,4,4,25.0,22.567808275742305,88.35258468215059
1177160403,priority,False,3,3,14.81,22.56880060107069,88.34937635555747
cluster_11944729366_664471711,priority,False,9,5,19.75,22.56849216235412,88.35730189161745
6173584946,priority,False,3,3,8.33,22.57219538512445,88.34458620589514
664446588,priority,False,3,3,12.04,22.573665616656676,88.3455709943617
cluster_10281958925_10281958926_6508834064_6508834065_#1more,priority,False,11,7,17.43,22.57242988055185,88.358576276534
cluster_10560867453_663943486,priority,False,6,6,19.45,22.570403767002077,88.34981151685993
cluster_10281965682_663944134,priority,False,6,6,16.67,22.571059638675184,88.3474488746389
663943276,priority,False,4,4,19.45,22.567301875650703,88.35234468315738
cluster_11158897098_664472732,priority,False,10,6,17.78,22.566581337718237,88.35331561581253
cluster_10279761592_11942000229_11942000233_663943274,priority,False,7,7,17.46,22.56808017789596,88.34907729316154
cluster_664446535_8507351665_8507351666,traffic_light,True,8,8,13.2,22.5731532548366,88.35338610162907
664446129,priority,False,3,3,12.04,22.573197132297242,88.35119884955249
664446125,priority,False,3,3,11.11,22.573957398367895,88.35122746388116
10279701136,dead_end,False,3,2,27.78,22.565974046143452,88.35186307765557
664472733,dead_end,False,2,2,11.11,22.56567766680751,88.35395963983754
cluster_10281958932_663804338,priority,False,12,6,14.82,22.575318717187553,88.35969728400889
664447176,dead_end,False,4,2,11.11,22.574273409479925,88.362919353682
cluster_10281958922_663940594,priority,False,10,6,16.67,22.570456920276627,88.35805053591923
cluster_10279701141_664472702,priority,False,10,6,18.89,22.56752829008733,88.3552745707881
cluster_13298747750_13298747754_7007141699,traffic_light,True,7,7,15.08,22.572671865241023,88.35074255865752
2281204505,dead_end,False,1,1,13.89,22.572623811295163,88.350624702547
cluster_663943516_664446119,right_before_left,False,5,5,10.0,22.572884725031184,88.35057394889203
8021489624,priority,False,2,2,13.89,22.57269888270302,88.35093461054997
10279819094,dead_end,False,1,1,27.78,22.565045927505878,88.3478914580076
10560867456,priority,False,4,3,9.72,22.57141644474237,88.35029617760794
10560867452,priority,False,4,3,15.28,22.570611490805625,88.34999618353876
1191864053,dead_end,False,1,1,11.11,22.568635979623988,88.3635728925756
6311588102,priority,False,3,3,19.45,22.5729250692932,88.3480819606086
cluster_663842376_663944135,priority,False,5,5,24.45,22.573618529119113,88.3483330144845
664472746,dead_end,False,2,1,11.11,22.565869777123112,88.35192128684068
663944184,dead_end,False,1,1,11.11,22.565132247121745,88.34804556419454
cluster_13298740740_664446558,traffic_light,True,8,8,15.28,22.57395063408587,88.35363012487605
13298747744,rail_crossing,False,4,4,12.5,22.57771187577208,88.35589157512028
13298747745,rail_crossing,False,4,4,12.5,22.57777484102655,88.355922341651
13298747746,rail_crossing,False,4,4,12.5,22.579523343441778,88.35676003988391
664445900,dead_end,False,1,1,11.11,22.579719561441603,88.35681944242918
13298747730,rail_crossing,False,4,4,12.5,22.57529005189165,88.35405392686611
13298747731,rail_crossing,False,4,4,12.5,22.575701868408686,88.35420977037586
13298747732,rail_crossing,False,4,4,12.5,22.57609336702669,88.35460078102493
cluster_13298747733_13298747737_663825864,traffic_light,True,10,8,12.22,22.576596213772902,88.35513303220252
13298747734,rail_crossing,False,4,4,12.5,22.576797170318535,88.35534818838029
13298747735,rail_crossing,False,4,4,12.5,22.576939493485305,88.35547942086545
10092213337,dead_end,False,2,1,16.67,22.57873427130415,88.36068258499303
11282915078,dead_end,False,1,1,2.78,22.56568854309086,88.34586778399093
11282915095,dead_end,False,1,1,2.78,22.565202649823128,88.3471894700318
2282622910,dead_end,False,1,1,13.89,22.569733139524104,88.36080962734157
664446557,priority,False,5,5,15.55,22.574640561023813,88.3514134672004
cluster_5424222009_664446539,priority,False,5,5,26.67,22.575280892844987,88.34875319707433
1174757559,dead_end,False,1,1,11.11,22.579897102343082,88.34853095576361
10281965681,priority,False,2,2,19.45,22.57239499536099,88.34794998325073
1176978277,dead_end,False,2,1,16.67,22.578096936763092,88.3605899597536
2276455501,dead_end,False,1,1,13.89,22.563049736695977,88.35858733992778
2281204508,dead_end,False,1,1,13.89,22.572644129925756,88.35061439692257
2281204475,priority,False,2,2,13.89,22.57215802886039,88.35281453866135
2281204573,dead_end,False,1,1,13.89,22.579659501172507,88.356808350104
8021489684,dead_end,False,1,1,13.89,22.569710249536634,88.36082486593159
2276455498,dead_end,False,1,1,13.89,22.563025583526315,88.3585810738481
2281204572,dead_end,False,1,1,13.89,22.579653161889343,88.35683172782444
1190100135,dead_end,False,1,1,11.11,22.56564048957119,88.3505521895499
1174795871,priority,False,3,3,44.44,22.57916688429386,88.3475692366147
1174832667,priority,False,3,3,44.44,22.574703938000066,88.34564837794542
4793147775,dead_end,False,1,1,2.78,22.57236323808269,88.35008677090427
4793147774,dead_end,False,3,3,2.78,22.572812879528435,88.34849226234752
6311588103,priority,False,4,4,15.28,22.572910056084353,88.34814892128557
663804413,dead_end,False,3,2,11.11,22.577372992014524,88.35227975321281
6544715979,right_before_left,False,6,4,11.11,22.577369997743272,88.35234576292792
10904702998,priority,False,6,4,9.26,22.573161450808193,88.36243118384783
664447222,dead_end,False,1,1,11.11,22.578135813137063,88.35022179140074
cluster_13977163696_13977163697_664447214,priority,False,4,4,23.61,22.57666556165072,88.34900661159256
6173584909,dead_end,False,1,1,2.78,22.576229080369,88.34555464743887
6173584945,priority,False,4,4,23.61,22.57228278662482,88.3444602322917
6173584907,dead_end,False,1,1,2.78,22.572706295696513,88.34374863313577
2281204417,dead_end,False,1,1,2.78,22.57117321592296,88.34971475283179
6544730092,dead_end,False,1,1,11.11,22.580545529976575,88.35099156186374
664447076,dead_end,False,1,1,27.78,22.578438373590927,88.34938519206845
3652317576,dead_end,False,1,1,2.78,22.5663069861477,88.35595729720525
4374682259,dead_end,False,1,1,44.44,22.550357971649568,88.32516868017592
1174795982,dead_end,False,1,1,44.44,22.582923816235716,88.34896697843635
