node_id,total_vehicle_count,mean_speed_ms,max_speed_observed_ms,total_halting_count,mean_occupancy_pct,mean_gap_m,min_gap_m,mean_rel_velocity_ms,mean_time_gap_s,min_time_gap_s,mean_acceleration_ms2,min_acceleration_ms2,total_hard_brakes,num_lane_rows
10092213337,1,15.9175,17.28,0,0.0025,,,,,,-0.105,-1.88,0,4
10279701147,1,23.031,17.99,0,0.0055,95.57846153846154,0.12,-0.08153846153846149,6.909230769230769,0.29,-0.36100000000000004,-5.0,58,20
10279701149,2,10.8225,12.03,0,0.0075,,,,,,-0.185,-5.0,6,4
10279761589,0,27.78,18.0,0,0.0,86.27000000000001,66.74,9.54,5.085,4.15,-0.27,-2.45,0,4
10279761590,0,27.78,17.8,0,0.0,,,,,,0.09666666666666666,-1.94,0,3
10279761591,1,23.764000000000003,17.91,0,0.006,14.49,6.76,-2.37,1.6,1.0,1.152,-2.36,0,5
10279761593,0,27.78,18.0,0,0.0,167.89,157.41,7.9,9.71,9.0,-0.034999999999999996,-2.26,0,2
10281958924,6,16.289285714285715,17.96,0,0.007857142857142858,75.33,13.56,0.5441666666666668,5.378333333333334,1.1,0.225,-5.0,7,14
10281958927,4,15.405294117647061,17.98,0,0.011764705882352941,92.61999999999999,15.4,0.9655555555555555,7.17111111111111,1.09,0.060588235294117665,-5.0,12,17
10281958928,5,15.696000000000002,17.86,0,0.0075,58.48857142857143,0.01,-2.214285714285714,5.988333333333333,0.68,-0.5195000000000001,-5.0,51,20
10281958930,1,16.452857142857145,17.95,0,0.0064285714285714285,82.558,1.66,-1.044,8.022,0.13,0.23285714285714287,-5.0,2,14
10281958931,0,16.67,17.62,0,0.0,88.84166666666668,10.6,2.6366666666666667,6.449999999999999,0.79,0.11384615384615385,-2.46,0,13
10281958933,2,16.136000000000003,17.71,0,0.019,65.93,14.86,1.47,5.48,1.26,-0.705,-5.0,34,10
10281965681,3,22.396666666666665,17.92,0,0.06,82.77,12.5,4.015,5.255,1.03,-0.8933333333333334,-5.0,9,3
10560867452,6,10.87076923076923,14.56,0,0.01153846153846154,55.352999999999994,8.05,1.4659999999999997,5.049,1.0,-0.07230769230769231,-4.6,3,13
10560867456,15,9.671428571428573,14.56,0,0.04,41.76857142857143,6.02,-0.9442857142857142,5.034285714285715,0.98,0.3614285714285715,-2.61,0,7
10680197981,5,12.865555555555556,15.89,0,0.008888888888888889,68.674,7.66,0.24800000000000005,6.036,1.1,0.4855555555555556,-1.99,0,9
10680197991,0,13.89,15.74,0,0.0,57.06,14.0,2.4766666666666666,4.533333333333334,1.1,0.05,-2.32,0,8
10680197995,1,13.476666666666667,15.46,0,0.0044444444444444444,38.376,8.96,1.6620000000000001,3.006,1.06,-0.4033333333333333,-5.0,18,9
10904702998,1,11.261666666666665,12.15,0,0.005,129.63,120.82,-2.36,14.76,13.43,-0.021666666666666667,-2.22,0,6
10907705738,3,11.522,12.81,0,0.057999999999999996,44.63,11.34,-0.012499999999999995,4.1625,1.05,0.055999999999999994,-2.04,0,5
10907806554,1,11.397142857142857,15.74,0,0.002142857142857143,121.15799999999999,15.04,-0.1939999999999999,10.03,1.28,0.5428571428571428,-5.0,6,14
10943277968,5,16.63909090909091,14.92,0,0.03909090909090909,50.72571428571428,10.29,-0.7785714285714286,4.721428571428571,1.07,1.3345454545454545,-1.96,0,11
10943433498,3,15.665555555555557,17.98,0,0.015000000000000001,62.165333333333336,0.0,3.6233333333333335,4.828666666666666,0.33,-0.37388888888888894,-5.0,70,18
10943435168,2,13.006,13.59,0,0.014000000000000002,,,,,,1.234,-1.11,0,5
10943435169,0,11.507142857142856,15.7,0,0.0,51.685,13.17,-0.01999999999999999,4.875,1.17,-0.9385714285714286,-5.0,9,7
10943490813,1,14.066666666666668,15.94,0,0.006666666666666667,24.454,13.56,-0.384,1.864,1.01,0.145,-2.33,0,6
10943490816,2,12.183333333333335,14.02,0,0.04,17.89666666666667,8.07,-2.02,1.8683333333333334,1.09,1.2066666666666668,-1.55,0,6
10943490945,1,9.2,12.29,0,0.02,72.80666666666667,4.23,2.6566666666666667,11.636666666666667,1.49,-0.08222222222222221,-4.31,2,9
10943490952,6,10.165384615384616,15.04,1,0.03538461538461539,68.29272727272728,0.1,-1.3836363636363638,14.466,1.0,0.8476923076923076,-3.57,1,13
10943498141,1,13.564,15.15,0,0.002,62.00875,8.95,0.15875000000000006,7.48375,0.66,-0.6839999999999999,-5.0,54,15
10943498145,2,10.674285714285714,15.52,0,0.012857142857142859,32.375,7.85,0.825,3.135,1.04,-0.06285714285714288,-5.0,7,7
10943525385,1,10.956249999999999,12.12,0,0.00125,77.41,76.19,0.76,7.05,6.93,0.25,-1.84,0,8
10943566925,1,12.06,14.98,0,0.0033333333333333335,138.23,138.23,-4.55,19.88,19.88,0.27166666666666667,-5.0,5,6
10943566926,1,8.645,13.92,0,0.035,,,,,,-2.5949999999999998,-5.0,14,2
10943736751,2,16.121538461538464,17.83,0,0.009230769230769232,121.4057142857143,14.81,1.0571428571428572,7.991428571428571,1.08,0.0015384615384615398,-2.14,0,13
10964798380,0,13.89,13.66,0,0.0,,,,,,0.71,-1.34,0,2
11125046588,2,11.011666666666665,13.34,0,0.005833333333333334,38.79875,10.22,0.09375,3.7025,1.03,0.051666666666666666,-2.27,0,12
11126932584,1,17.213333333333335,17.17,0,0.03666666666666667,23.57,5.3,3.1625,1.925,0.58,-1.6816666666666666,-5.0,10,6
11282869379,3,10.885,12.46,0,0.022,85.54333333333334,31.54,1.3033333333333335,7.996666666666667,3.32,-0.049,-2.31,0,10
11282915069,1,14.246666666666668,15.69,0,0.0033333333333333335,70.855,13.4,-0.4849999999999999,5.359999999999999,1.6,0.19333333333333333,-5.0,7,3
11462469753,0,11.11,11.59,0,0.0,65.33,59.57,11.44,5.72,5.18,-0.11666666666666665,-0.95,0,3
11499274561,0,10.186666666666667,14.09,0,0.0,80.15,33.98,-9.66,32.58,14.02,-0.04666666666666667,-2.32,0,3
1174832475,1,17.440714285714286,17.95,0,0.004285714285714286,54.96846153846153,0.0,0.27615384615384614,6.833846153846154,0.5,-0.7192857142857143,-5.0,76,14
1174832527,9,15.059999999999999,17.79,0,0.033,65.64444444444445,6.56,-3.3800000000000003,6.777777777777778,0.92,1.018,-5.0,19,10
1174832534,3,19.827499999999997,18.0,0,0.008333333333333333,46.795,12.86,1.8800000000000001,3.06,1.56,0.8383333333333334,-2.35,0,12
1174832699,0,11.341666666666667,12.51,0,0.0,43.388999999999996,7.77,4.016,4.9159999999999995,0.93,-0.395,-4.97,22,12
1174832713,1,11.344615384615384,12.52,0,0.003076923076923077,49.997,7.35,3.5060000000000002,7.153999999999999,1.15,-0.04692307692307692,-5.0,5,13
1174832716,5,16.068181818181817,18.0,0,0.012727272727272728,62.806363636363635,0.1,-2.4345454545454546,7.651818181818182,0.33,0.5045454545454545,-5.0,16,11
1174832811,3,10.72125,12.16,0,0.0225,86.17857142857143,8.0,-1.51,9.331428571428571,1.01,0.4125,-2.0,0,8
1174832816,1,13.232857142857142,13.19,0,0.015714285714285715,59.846000000000004,8.29,-1.246,8.026,1.15,-1.6928571428571428,-5.0,30,7
1174832834,4,12.14,15.17,0,0.0175,94.14272727272727,10.13,4.61,9.353636363636364,1.03,-0.8341666666666666,-5.0,49,12
1174832855,1,13.946666666666667,14.4,0,0.013333333333333332,30.7575,3.21,-2.1,4.86,0.6,-0.01111111111111112,-5.0,10,9
1174832885,0,13.89,15.88,0,0.0,75.68666666666667,15.08,6.16,5.776666666666666,1.18,-0.09333333333333334,-2.27,0,6
1174832895,1,15.333846153846151,17.97,0,0.003076923076923077,101.10833333333333,8.48,3.5100000000000002,10.646666666666667,1.17,-1.1400000000000001,-5.0,45,13
1174832997,7,17.09222222222222,17.97,0,0.011111111111111112,45.19777777777777,0.1,-3.3899999999999997,4.8475,0.37,0.13222222222222227,-5.0,8,9
1174833041,2,13.384,14.95,0,0.008,48.935,17.2,-0.295,4.15,1.29,0.33,-5.0,10,5
1174833066,0,12.778,16.55,0,0.0,65.9,65.9,1.26,14.26,14.26,-0.27,-5.0,20,5
1174833090,1,21.645999999999997,18.0,0,0.004,23.5,23.17,0.08,1.35,1.3,0.258,-2.18,0,10
1174833124,0,13.89,15.67,0,0.0,37.36,4.62,1.42,3.48,1.02,-0.6866666666666666,-5.0,20,3
1174833147,2,13.379999999999999,13.98,0,0.004285714285714286,204.67000000000002,182.15,1.375,21.53,14.39,0.17428571428571432,-5.0,40,14
1176977350,0,11.727777777777778,14.91,0,0.0,,,,,,-0.16222222222222218,-4.51,10,9
1176977453,7,11.802142857142856,13.35,0,0.014285714285714287,70.405,16.24,1.28,8.01,1.82,0.02857142857142859,-5.0,25,14
1176977542,1,13.454117647058823,15.13,0,0.0023529411764705885,63.67375,1.04,-0.4474999999999999,9.7325,0.14,-0.35705882352941176,-5.0,43,17
1176978389,3,13.28875,15.19,0,0.008125,65.727,2.69,-0.4780000000000001,6.571,0.5,0.27125,-5.0,42,16
1176978438,0,12.036666666666667,15.36,0,0.0,70.296,9.35,-1.828,7.268000000000001,1.22,-0.784,-5.0,32,15
1177160369,0,22.22,17.98,0,0.0,55.949999999999996,6.93,0.5757142857142856,5.938571428571429,1.06,0.42625,-5.0,17,8
1177160399,11,11.125,14.16,1,0.025714285714285714,34.72714285714286,0.1,-2.0185714285714287,4.430714285714286,0.1,-0.29642857142857143,-5.0,74,14
1177160403,11,14.344999999999999,18.0,1,0.015714285714285715,50.67153846153846,0.0,2.764615384615385,4.253076923076923,0.12,-0.4935714285714286,-5.0,194,14
1177160471,9,12.67,16.51,4,0.04615384615384616,42.367777777777775,0.0,2.6144444444444446,4.3244444444444445,0.51,0.2653846153846154,-5.0,37,13
1177160515,0,11.11,13.07,0,0.0,37.48,18.06,1.6,4.09,1.86,0.21666666666666667,-5.0,6,3
1177160524,0,13.89,16.77,0,0.015833333333333335,86.64666666666666,10.27,6.010000000000001,7.756666666666667,0.9,-0.1725,-5.0,22,12
1177160556,1,16.52357142857143,17.74,0,0.005714285714285714,99.22200000000001,63.28,-3.3280000000000003,8.74,4.74,0.3078571428571429,-2.4,0,14
1177160566,3,17.8025,17.98,1,0.0325,31.825714285714287,0.0,3.8414285714285716,2.7414285714285715,0.53,-0.5475,-5.0,75,8
1177160571,14,14.815,18.0,0,0.03,33.77142857142857,5.81,-1.3057142857142858,2.814285714285714,0.63,0.6012500000000001,-2.81,0,8
1177160573,12,10.635,14.57,0,0.03214285714285714,44.332727272727276,8.18,0.0409090909090909,4.882727272727273,1.0,0.12785714285714286,-5.0,11,14
1177160598,1,13.872142857142858,16.58,0,0.015,66.376,13.93,0.328,7.118,1.57,0.5971428571428571,-2.39,0,14
1177160599,16,12.023703703703703,18.0,2,0.02962962962962963,50.8555,0.0,-0.02850000000000006,7.830500000000001,0.09,-0.49666666666666665,-5.0,183,27
1177160675,0,13.89,14.32,0,0.0,78.248,21.21,1.934,7.414,1.93,0.16375,-1.17,0,8
1177160684,4,17.965454545454545,17.11,0,0.03909090909090909,34.79142857142857,9.06,-0.32,3.992857142857143,1.05,-2.499090909090909,-5.0,220,11
1177160687,6,11.087857142857143,14.58,0,0.02214285714285714,74.45666666666666,8.31,1.9991666666666665,6.974999999999999,1.09,0.10714285714285714,-4.53,5,14
1177160691,4,18.416666666666668,18.0,0,0.02142857142857143,44.129000000000005,0.0,-1.7395,6.834736842105262,0.0,-0.6523809523809524,-5.0,113,21
1177160693,1,13.863333333333335,13.81,0,0.01,103.92,63.32,-4.16,8.9,5.28,0.9633333333333334,-0.77,0,3
1177160694,1,13.8725,14.38,0,0.014166666666666668,53.775,9.26,-0.41000000000000003,6.7575,0.73,0.9700000000000001,-1.62,0,12
1177160716,3,7.477142857142857,12.68,0,0.02,68.44833333333334,11.99,0.6016666666666667,14.636666666666665,1.11,-0.017142857142857144,-2.31,0,7
1177160765,6,8.70705882352941,14.06,1,0.03,64.78533333333333,0.0,0.8073333333333333,12.813333333333334,0.5,0.15117647058823527,-5.0,22,17
1177160773,3,19.978749999999998,18.0,0,0.03375,57.01428571428572,12.61,-0.17,3.6957142857142857,0.91,0.60375,-2.06,0,8
1177160779,0,13.890000000000002,15.7,0,0.009333333333333334,15.18,13.97,-1.11,1.37,1.31,0.5213333333333333,-5.0,18,15
1177160807,2,11.882222222222222,15.9,0,0.013333333333333334,64.03230769230768,0.1,-1.623076923076923,12.566923076923077,1.08,-0.003333333333333324,-5.0,24,18
1177160864,42,6.759285714285714,17.98,18,0.1392857142857143,22.205714285714286,0.0,1.6535714285714285,3.597857142857143,0.08,-0.4585714285714286,-5.0,225,14
1177160866,0,19.016153846153845,17.96,0,0.004615384615384615,69.57090909090908,0.1,0.8036363636363635,8.540909090909091,0.13,-0.17230769230769233,-5.0,25,13
1177160923,0,13.89,14.98,0,0.007000000000000001,52.23666666666666,10.99,-1.8800000000000001,6.769999999999999,0.88,0.001000000000000012,-5.0,22,10
1177160978,0,13.89,16.01,0,0.0,96.56,16.24,5.9316666666666675,7.291666666666667,1.11,0.008333333333333333,-2.84,0,6
1177160983,0,11.11,12.68,0,0.0,93.615,72.0,-0.625,9.895,8.11,0.34142857142857147,-2.39,0,7
1177161018,3,13.616923076923078,16.68,0,0.006153846153846154,71.025,0.1,-2.2525,9.42,4.78,0.09230769230769233,-5.0,37,13
1177161022,0,22.22,18.0,0,0.0,40.1175,7.39,3.89625,4.47,0.99,1.21625,-3.61,2,8
1177161043,2,12.196000000000002,16.0,0,0.012,149.91,147.82,10.219999999999999,14.645,13.58,0.8140000000000001,-5.0,3,5
1177161047,0,13.89,13.18,0,0.0,81.26,80.16,5.13,10.63,9.51,0.155,-3.67,1,6
1177161049,4,20.42875,18.0,0,0.03125,45.95142857142857,14.57,2.3428571428571425,3.001428571428572,1.04,-8.673617379884035e-19,-2.54,0,8
1177161074,3,19.45375,17.99,0,0.01375,98.39999999999999,15.82,2.0171428571428573,6.252857142857144,1.11,-0.28375,-5.0,29,8
1177161076,3,11.998571428571429,15.95,0,0.011428571428571429,64.74166666666666,12.69,-1.4716666666666667,5.941666666666666,1.09,0.8857142857142858,-2.21,0,7
1177161154,8,10.651904761904762,16.44,1,0.014285714285714285,62.4105,0.01,4.09,6.111,0.13,-0.20476190476190476,-5.0,134,21
1177161157,3,19.467499999999998,18.0,0,0.02,64.96142857142857,8.61,-4.041428571428571,6.701428571428572,1.05,1.5125,-2.04,0,8
1177161205,1,13.885,15.74,0,0.011666666666666667,70.738,15.63,0.094,5.4399999999999995,1.12,2.3129646346357427e-18,-2.53,0,6
1177161219,9,18.629375,17.96,0,0.0375,52.636875,0.0,-1.8725,6.329375,0.26,-0.18124999999999997,-5.0,254,16
1177161333,0,13.89,13.89,0,0.0,,,,,,-1.775,-5.0,9,2
1177161371,0,13.89,15.19,0,0.0023529411764705885,52.236666666666665,8.91,2.3233333333333333,5.516666666666667,1.21,-0.5911764705882353,-5.0,95,17
1177161432,2,7.271111111111111,12.21,0,0.008888888888888889,56.471428571428575,0.1,-2.7199999999999998,16.145714285714284,0.4,-0.01111111111111111,-3.29,1,9
1177161468,1,13.66,16.39,0,0.0014285714285714286,51.62888888888889,0.1,2.3433333333333333,6.062222222222222,0.66,-0.15214285714285714,-5.0,33,14
1177161474,1,10.97875,12.62,0,0.01,107.46333333333332,71.17,-1.79,10.153333333333334,6.65,0.008749999999999997,-2.06,0,8
1177161483,50,13.875416666666666,18.0,24,0.13625,34.245,0.0,0.4722727272727273,4.322272727272727,0.5,-0.365,-5.0,201,24
1177161504,3,21.072666666666667,17.98,0,0.06199999999999999,55.655833333333334,14.74,2.1275,3.6491666666666664,1.05,0.10933333333333334,-5.0,3,15
1177161508,3,11.51,14.58,0,0.016666666666666666,70.21214285714287,2.36,2.0092857142857143,6.627142857142857,0.61,-0.08888888888888889,-5.0,31,18
1177161509,0,13.89,15.97,0,0.0,116.14166666666667,16.15,5.36,8.743333333333334,1.14,-0.018333333333333333,-2.24,0,6
1177161547,3,20.4875,17.99,0,0.021249999999999998,33.940000000000005,11.27,0.26857142857142857,2.1999999999999997,0.83,-0.01625,-3.06,1,8
1177161549,10,13.256842105263157,17.98,2,0.024736842105263158,52.565,0.0,-2.31,8.75,0.18,0.09631578947368423,-5.0,85,19
1177161553,4,11.503333333333334,15.76,0,0.01,61.39,0.79,-1.512,15.006,0.33,0.2753333333333333,-2.36,0,15
1177161573,10,12.811304347826088,16.69,0,0.010434782608695651,79.10666666666667,10.93,-0.7408333333333333,11.910000000000002,1.73,0.03913043478260869,-5.0,53,23
1177161612,1,21.16133333333333,17.98,0,0.010666666666666666,53.20428571428572,2.53,1.5250000000000001,3.6064285714285718,0.49,-0.7806666666666666,-5.0,36,15
1177161631,10,15.39375,17.99,1,0.033125,38.71785714285714,0.0,0.33142857142857135,4.978571428571429,0.29,-0.11125000000000002,-5.0,212,16
1177161634,3,10.918181818181818,12.54,0,0.02090909090909091,63.952,9.13,-1.1620000000000001,6.678,1.02,0.8281818181818181,-1.72,0,11
1177161645,2,21.214,18.0,0,0.012666666666666666,63.80615384615385,14.73,2.459230769230769,4.11,1.06,0.048666666666666664,-2.92,0,15
1177161647,0,13.89,14.58,0,0.0,,,,,,1.2366666666666666,-0.17,0,3
1177161675,10,11.662,16.69,1,0.018666666666666668,52.52,0.1,0.6791666666666666,6.364999999999999,1.06,0.2873333333333334,-5.0,41,15
1177161698,3,13.827777777777778,16.34,0,0.012777777777777779,76.68666666666667,0.1,2.562,7.515333333333333,0.03,-1.0822222222222222,-5.0,61,18
1177161703,5,10.62,12.85,0,0.045,70.3775,12.53,2.4625,6.58,1.15,0.0125,-2.12,0,4
1177211333,0,11.11,11.55,0,0.0,37.05,31.29,11.37,3.27,2.71,-0.026666666666666672,-2.07,0,3
1177211334,5,12.997058823529413,16.3,0,0.026470588235294117,27.39,0.1,1.4846153846153847,3.078461538461539,0.8,-0.9047058823529411,-5.0,152,17
1177211357,0,11.11,11.8,0,0.0,100.185,71.56,2.9925,9.432500000000001,6.54,0.09,-2.17,0,5
1177211361,1,13.534285714285716,14.7,0,0.018571428571428572,58.2575,22.28,4.415,7.1825,2.1,-0.8257142857142857,-5.0,8,7
1177211398,0,13.89,14.36,0,0.0,,,,,,-2.3433333333333337,-5.0,7,3
1177211432,4,15.096666666666668,17.96,0,0.009047619047619047,54.73133333333333,0.1,-1.146,5.390714285714286,0.49,-0.17380952380952377,-5.0,60,21
1177211462,3,5.51375,15.54,0,0.02625,36.800000000000004,2.09,-2.8575,15.372499999999999,0.94,-0.375,-5.0,7,8
1177211464,3,10.718571428571428,12.56,0,0.022857142857142857,22.91857142857143,6.32,-0.7271428571428571,2.412857142857143,0.99,0.7242857142857143,-2.45,0,7
1177211468,2,13.106923076923078,15.33,0,0.014615384615384615,46.644615384615385,8.49,0.6107692307692308,4.836923076923077,1.0,1.0438461538461539,-5.0,1,13
1177211474,6,12.041666666666666,14.59,0,0.034444444444444444,66.03916666666667,2.24,-1.6475,10.383333333333333,0.48,0.6611111111111111,-5.0,20,18
1177211489,1,13.68,14.35,0,0.007777777777777778,72.81,15.53,3.606666666666667,7.359999999999999,1.3,-0.8066666666666666,-5.0,16,9
1177211539,2,11.057692307692308,13.48,0,0.004615384615384616,69.63,10.25,2.144285714285714,6.625714285714286,1.05,-0.1553846153846154,-5.0,28,13
1177211571,7,12.55,15.59,1,0.03,47.906,0.0,0.23866666666666664,5.454666666666666,0.5,0.5929411764705882,-5.0,43,17
1177211573,0,11.11,11.84,0,0.0,114.1275,47.65,-2.1775,18.805,4.44,0.96875,-2.41,0,8
1177211687,0,13.89,14.93,0,0.0,,,,,,1.17,-1.32,0,4
1177211724,16,13.216,17.98,10,0.134,59.48125,0.0,3.8475,4.48125,0.51,-0.021000000000000026,-5.0,59,10
1177211755,2,10.328,11.52,0,0.024,21.25,17.94,-3.4450000000000003,3.31,2.69,0.5900000000000001,-1.78,0,5
1177211769,11,11.364666666666666,15.88,2,0.05,29.52769230769231,0.0,1.4923076923076921,3.9515384615384614,0.2,-0.6766666666666666,-5.0,193,15
1177211785,5,23.052666666666667,18.0,3,0.05466666666666667,21.150000000000002,0.0,1.8464285714285713,3.6792857142857143,0.52,0.3433333333333333,-5.0,32,15
1177211791,0,11.11,11.7,0,0.0,67.905,30.18,4.930000000000001,6.205,3.19,-0.05800000000000001,-2.02,0,5
1177211801,1,12.416666666666666,13.89,0,0.0016666666666666668,14.61,6.8,-0.26,1.44,1.03,-0.35999999999999993,-5.0,12,6
1177211806,4,10.7425,11.22,0,0.01,85.065,39.95,0.83,8.045,3.66,0.0125,-2.36,0,4
1177211896,0,13.89,13.89,0,0.0,38.94444444444444,9.47,1.328888888888889,4.908888888888889,1.14,-0.5991666666666667,-5.0,70,12
1177211991,0,2.78,3.15,0,0.035,14.53,2.13,0.25,6.55,0.96,0.005,-1.89,0,2
1177212006,2,12.663,13.84,0,0.015000000000000003,87.775,83.84,-0.755,14.64,12.73,0.359,-5.0,6,10
1177212025,1,21.642666666666667,18.0,0,0.006,58.801538461538456,12.0,3.3176923076923077,4.252307692307692,1.05,0.6786666666666666,-5.0,3,15
1177212028,1,20.993846153846157,18.0,0,0.005384615384615385,64.23636363636363,5.26,2.975454545454545,9.733636363636364,1.04,-0.8369230769230769,-5.0,25,13
1177212032,0,13.89,14.52,0,0.026000000000000002,34.725,13.03,2.92,3.05,1.15,0.6970000000000001,-5.0,4,10
1177212052,0,13.89,15.76,0,0.0,,,,,,0.73,-2.31,0,2
1177212077,1,21.287333333333333,17.98,0,0.006,47.51307692307693,8.49,3.046923076923077,4.756153846153846,1.15,0.5853333333333334,-3.78,2,15
1177212096,21,5.201428571428571,12.24,10,0.1442857142857143,14.299999999999999,0.0,0.33285714285714285,2.6214285714285714,0.5,-0.10285714285714286,-5.0,35,7
1177212155,1,13.275555555555556,14.58,0,0.003333333333333333,,,,,,-0.10555555555555557,-5.0,23,9
1177212157,105,13.700000000000001,18.0,77,0.21347826086956523,21.077142857142857,0.0,1.5742857142857143,3.3704761904761904,0.11,0.1852173913043478,-5.0,158,23
11843639551,7,11.573333333333332,16.75,0,0.023809523809523808,50.784166666666664,0.0,2.4916666666666667,5.039166666666667,0.5,-0.48428571428571426,-5.0,141,21
11843639556,1,2.6016666666666666,3.16,0,0.011666666666666667,84.47,6.84,-2.0524999999999998,34.989999999999995,2.35,-0.024999999999999998,-2.46,0,6
1186025287,1,12.605,11.59,0,0.175,30.42,13.02,-2.5,2.675,1.12,1.365,0.49,0,2
1186025292,0,22.22,17.95,0,0.00875,23.32,23.28,0.14,1.32,1.31,-2.1125,-5.0,32,8
1186025303,1,21.325714285714287,18.0,0,0.014285714285714287,54.544285714285714,11.33,3.9528571428571433,3.6114285714285717,0.96,0.07857142857142858,-5.0,8,7
1186025305,3,11.1175,13.22,0,0.012500000000000002,50.20181818181818,6.43,0.04090909090909092,4.845454545454546,0.99,0.2783333333333333,-2.24,0,12
1186025318,0,13.89,15.59,0,0.0,28.292,15.46,-0.52,2.166,1.3,-0.04,-0.87,0,6
1186025321,1,13.398333333333333,12.49,0,0.04666666666666667,35.552499999999995,11.46,-0.31749999999999995,3.3075,1.21,0.96,-2.28,0,6
1186025330,2,20.457142857142856,18.0,0,0.02214285714285714,69.10818181818182,7.69,2.924545454545455,7.593636363636364,1.02,-1.7107142857142856,-5.0,86,14
1186025346,4,15.437142857142858,18.0,0,0.038571428571428576,58.08,8.93,4.421428571428572,4.595714285714286,1.05,0.42428571428571427,-3.77,3,7
1186025349,0,11.11,11.64,0,0.0,58.451249999999995,4.58,2.9475000000000002,6.13125,0.59,0.425,-2.59,0,10
1187083424,2,12.870909090909093,16.25,0,0.012727272727272728,75.91666666666667,22.21,-1.1733333333333333,12.136666666666668,1.78,0.5227272727272727,-4.0,1,11
1187083489,0,11.11,12.34,0,0.0,33.805,8.64,-0.025000000000000022,3.145,0.87,-0.08200000000000002,-1.74,0,5
1189036468,1,21.143749999999997,17.98,0,0.0425,58.96,13.12,5.2325,3.83125,0.8,-0.06875,-3.93,2,8
1189036484,0,22.22,18.0,0,0.0,54.074999999999996,23.39,-4.45,6.555,1.31,0.49,-2.02,0,9
1189036489,0,13.89,14.34,0,0.0,29.195,10.46,-0.8075,3.0475,0.84,0.727,-1.78,0,10
1189036513,1,12.716666666666667,15.12,0,0.0011111111111111111,49.23333333333333,9.22,0.22000000000000006,3.956666666666667,1.07,0.37555555555555553,-1.35,0,9
1189036518,2,13.815714285714288,15.97,0,0.018571428571428572,61.45666666666667,15.18,0.034999999999999996,4.726666666666667,1.13,0.0028571428571428636,-2.53,0,7
1189036526,1,10.93,12.03,0,0.006666666666666667,45.194,10.01,-0.148,4.54,1.01,0.14833333333333334,-2.17,0,6
1189036539,1,14.030000000000001,14.31,0,0.01,,,,,,0.36000000000000004,-2.37,0,3
1189036541,0,11.11,11.1,0,0.0,,,,,,-0.05,-1.47,0,1
1189036584,0,12.8475,12.75,0,0.0,118.895,10.88,-0.125,14.9475,1.57,-1.82,-5.0,36,8
1189036611,0,11.11,10.92,0,0.0,,,,,,0.14,-1.49,0,1
1189036615,16,11.251249999999999,17.94,11,0.2375,27.97125,0.0,4.16,2.43875,0.5,-0.315,-5.0,27,8
1189036617,0,11.11,12.92,0,0.0,72.01333333333334,13.53,2.1366666666666667,7.676666666666667,1.79,0.4608333333333334,-1.8,0,12
1189036625,1,11.083333333333334,11.56,0,0.013333333333333334,,,,,,-0.013333333333333336,-2.1,0,3
1189036644,0,11.11,12.43,0,0.0,89.38,79.62,0.49,9.36,8.3,-0.13714285714285715,-1.57,0,7
1189036694,8,10.714285714285714,12.39,0,0.047142857142857146,35.98428571428572,10.21,1.7914285714285714,3.3542857142857145,1.03,-0.017142857142857144,-2.76,0,7
1189036707,0,22.22,17.97,0,0.0,24.48,24.27,-0.39,1.43,1.38,0.43624999999999997,-2.05,0,8
1189036717,3,15.718,17.91,0,0.011333333333333332,84.0175,0.65,-1.0483333333333333,7.511666666666667,0.06,0.23066666666666666,-5.0,13,15
1189036737,5,19.062857142857144,17.98,0,0.012857142857142857,55.74583333333334,12.45,-0.6683333333333333,4.713333333333334,1.03,0.8057142857142857,-2.38,0,14
1189036766,0,13.89,15.62,0,0.0,75.61222222222221,9.58,-0.27999999999999997,9.213333333333333,1.03,-0.155,-5.0,16,12
1189036777,2,20.867272727272727,17.96,0,0.01909090909090909,60.16625,13.1,3.38,4.95,1.05,0.3063636363636364,-5.0,6,11
1189036795,3,14.945333333333334,17.34,0,0.008666666666666666,70.01,60.71,-4.16,5.76,4.98,0.05799999999999998,-5.0,33,15
1189036797,0,13.89,15.79,0,0.0,73.67750000000001,16.88,0.5125,8.1725,3.77,0.458,-0.92,0,10
1189036799,0,22.22,17.93,0,0.0,31.020000000000003,19.53,2.935,1.8650000000000002,1.21,-0.5566666666666666,-2.42,0,3
1189036817,2,16.312500000000004,17.89,0,0.005,101.84142857142857,14.9,2.8642857142857143,6.671428571428572,1.07,0.025833333333333337,-2.44,0,12
1189036844,0,22.22,17.96,0,0.0,36.27333333333333,16.73,4.3,2.4966666666666666,1.09,-0.4066666666666667,-4.98,4,3
1189036857,8,19.176666666666666,17.98,0,0.027333333333333334,48.36571428571428,11.79,-0.38642857142857145,4.093571428571429,1.04,0.8693333333333334,-3.1,1,15
1189036859,1,11.186,12.13,0,0.008,63.754,11.32,1.1039999999999999,6.1579999999999995,1.09,0.024,-2.09,0,5
1189036870,0,11.11,13.16,0,0.0008333333333333334,97.69333333333333,21.77,-2.893333333333333,9.953333333333333,1.96,0.31333333333333335,-2.41,0,12
1189036917,2,12.36375,17.79,0,0.01125,96.36666666666667,15.16,-1.5200000000000002,7.733333333333333,1.03,0.77375,-1.83,0,8
1189036932,1,13.442000000000002,16.23,0,0.011,44.651666666666664,7.42,1.42,4.1049999999999995,0.88,-0.31199999999999994,-5.0,33,10
1189036935,2,11.078,12.45,0,0.032,35.7825,11.41,-0.6775000000000001,3.9299999999999997,1.03,0.038,-1.75,0,5
1189036937,1,21.854666666666667,18.0,0,0.006666666666666667,48.58,14.7,0.010714285714285707,4.035714285714286,1.06,0.33,-2.27,0,15
1189868546,0,13.89,15.06,0,0.0,85.73,78.82,-9.05,16.1,14.42,0.675,-2.0,0,2
1189868548,24,16.237391304347828,18.0,8,0.04391304347826087,50.8705,0.0,-0.1385000000000001,4.216842105263158,0.24,0.008260869565217394,-5.52,62,23
1189868561,0,11.11,12.61,0,0.013333333333333334,46.438,10.61,-0.372,4.664,1.11,0.3866666666666667,-1.72,0,6
1189868581,3,13.7225,14.21,0,0.0075,,,,,,-0.23249999999999998,-5.0,6,8
1189868590,3,13.376666666666667,16.42,0,0.02266666666666667,94.77999999999999,1.83,1.5841666666666665,28.233333333333334,1.09,0.5626666666666666,-5.0,11,15
1189868591,1,11.904166666666667,15.62,0,0.0025,113.68375,13.65,3.9175000000000004,14.7225,1.12,0.20083333333333334,-5.0,5,12
1189868598,0,22.22,17.93,0,0.0,48.35666666666666,15.67,2.9683333333333333,3.4250000000000003,1.1,0.13285714285714284,-2.75,0,7
1190100042,2,10.678571428571429,12.01,0,0.005714285714285714,10.155000000000001,8.19,-0.96,1.345,1.07,0.22571428571428573,-2.54,0,7
1190100058,5,16.19363636363636,17.98,0,0.025454545454545455,59.39166666666667,18.58,0.31666666666666654,6.010000000000001,1.25,-0.9618181818181818,-5.0,60,11
1190100061,0,22.22,17.97,0,0.0,85.20142857142856,15.51,3.4614285714285713,5.311428571428571,1.11,0.15875,-2.0,0,8
1190100064,1,11.08375,12.94,0,0.01125,74.48,10.85,1.3414285714285714,7.054285714285714,1.1,0.49625,-2.22,0,8
1190100093,4,13.084615384615384,16.11,0,0.012307692307692308,99.325,67.26,-1.1149999999999998,11.36,5.05,0.7553846153846154,-2.21,0,13
1190100107,1,10.538571428571428,12.33,0,0.004285714285714286,91.48714285714286,27.95,0.41285714285714287,9.575714285714286,2.65,0.7571428571428571,-2.19,0,7
1190100120,0,27.78,16.19,0,0.0,24.05333333333333,14.17,1.9833333333333334,1.99,1.24,0.2433333333333333,-4.4,1,6
1190100138,2,10.985714285714286,12.39,0,0.0071428571428571435,178.15,9.59,-1.124,16.796,1.07,-0.01,-2.96,0,7
1190100139,3,10.624285714285715,12.27,0,0.045714285714285714,94.00714285714285,10.87,0.34142857142857136,9.032857142857143,1.13,-0.7114285714285715,-5.0,17,7
1190100178,1,10.805,12.28,0,0.006,76.6825,23.18,0.3999999999999998,7.075,2.44,0.07200000000000001,-2.06,0,10
1190100182,1,13.461818181818183,15.53,0,0.004545454545454546,88.435,23.37,-2.1825,11.395,1.55,0.5145454545454545,-2.31,0,11
1190100185,2,22.474285714285713,14.79,0,0.028571428571428574,67.566,13.79,-2.114,8.15,1.25,1.4214285714285713,-0.92,0,7
1190100199,5,11.045,14.27,0,0.0225,62.36,9.34,0.09750000000000003,6.13875,0.99,0.38875,-2.44,0,8
1190100244,1,11.188571428571427,12.44,0,0.0,138.485,119.79,-0.6100000000000001,14.629999999999999,10.48,0.02428571428571429,-2.18,0,7
1190100245,0,11.11,11.9,0,0.0,11.32,9.84,0.08,1.22,1.0,0.004999999999999998,-2.7,0,6
1190100277,1,11.288333333333332,12.51,0,0.006666666666666667,124.77,123.34,0.26,12.72,12.11,0.22833333333333336,-2.13,0,6
1190100287,0,13.890000000000002,15.7,0,0.0,99.944,10.74,-0.38199999999999984,7.720000000000001,1.12,0.1081818181818182,-2.46,0,11
1190100298,2,13.25,15.53,0,0.005,153.995,87.57,1.42,12.344999999999999,7.33,0.6525,-2.22,0,8
1190100299,0,11.11,11.72,0,0.0,,,,,,0.49,-1.14,0,1
1190100324,0,11.11,12.5,0,0.0,72.205,10.14,1.0316666666666665,6.626666666666666,1.05,-0.04333333333333333,-2.44,0,9
1190100352,6,19.502727272727274,18.0,0,0.01909090909090909,95.56714285714285,12.45,-0.46285714285714274,7.412857142857143,1.71,0.8736363636363635,-2.25,0,11
1190100379,0,11.11,14.2,0,0.0,139.33,136.1,-6.53,18.89,16.47,0.5925,-2.01,0,4
1190100407,2,10.87,12.95,0,0.04125,73.65125,10.78,0.98625,7.8425,1.1,0.42625,-3.34,1,8
1190100439,2,12.506666666666668,15.15,0,0.0033333333333333335,51.120000000000005,7.85,-0.21333333333333335,4.523333333333333,1.22,0.37333333333333335,-2.49,0,6
1190100487,1,10.984,12.5,0,0.008,65.675,55.7,1.145,6.12,4.96,0.05800000000000001,-2.12,0,5
1190100495,2,10.422857142857142,12.43,0,0.011428571428571429,108.4775,23.22,-1.5225,14.287500000000001,2.06,0.11571428571428573,-1.8,0,7
1190100498,5,10.96625,13.49,0,0.05625,45.3725,6.13,-0.94125,4.69375,1.03,0.41625,-2.31,0,8
1190100514,1,12.022,15.03,0,0.001,107.765,82.62,2.075,11.09,6.47,-0.31199999999999994,-5.0,21,10
1190128192,3,19.2425,17.99,0,0.025,66.19875,15.36,5.055,4.4,1.01,0.05375,-3.23,2,8
1190128202,1,13.225000000000001,13.78,0,0.01,,,,,,0.04,-2.04,0,2
1190128206,0,13.889999999999999,13.89,0,0.0,35.675,9.74,0.1625000000000002,6.6225,1.15,-1.3092307692307692,-5.0,39,13
1190128211,2,13.592173913043478,16.3,0,0.012173913043478262,38.85842105263158,1.29,3.9252631578947366,5.120526315789474,0.69,-0.7869565217391304,-5.0,86,23
1190128222,1,13.751764705882353,15.4,0,0.0023529411764705885,73.86,5.74,0.213,10.155,0.71,-0.1064705882352941,-5.0,42,17
1190128225,6,7.726923076923076,12.03,0,0.013846153846153845,110.654,30.23,-0.26400000000000007,16.61,2.55,-0.6423076923076922,-5.0,16,13
1190128237,1,10.934000000000001,12.05,0,0.028000000000000004,75.13,74.67,0.47,6.92,6.67,0.122,-1.94,0,5
1190128241,6,12.304444444444446,15.48,3,0.04611111111111111,50.075384615384614,0.0,-1.3038461538461539,7.821818181818182,0.5,0.27222222222222225,-5.0,35,18
1190128257,1,13.733125000000001,13.87,0,0.003125,52.83,1.89,-0.97,7.808461538461538,0.68,-0.948125,-5.0,77,16
1190128270,0,11.11,12.81,0,0.0,54.91,46.84,0.47,5.8100000000000005,4.46,0.127,-1.98,0,10
1190128289,19,9.701538461538462,15.28,12,0.08230769230769232,28.689230769230768,0.0,-0.6969230769230769,4.404615384615385,0.51,0.5746153846153846,-5.0,55,13
1190128318,0,11.11,11.5,0,0.0,21.82,21.49,-0.68,2.09,2.02,-0.18499999999999997,-2.11,0,6
1190128320,4,12.727692307692308,15.28,0,0.013846153846153845,85.92181818181818,1.3,4.852727272727273,10.31,0.78,0.556923076923077,-5.0,38,13
1190128334,0,12.5,15.56,0,0.0,81.86,37.85,-0.99,14.6625,4.04,-0.734,-5.0,31,10
1190128345,0,11.11,12.33,0,0.0,74.45,49.25,0.044999999999999984,7.4350000000000005,4.97,0.028749999999999994,-2.05,0,8
1190128349,0,2.78,3.25,0,0.0,53.1925,21.93,-4.1575,19.745,9.29,0.0425,-1.76,0,4
1191714317,1,2.335,3.04,0,0.08,,,,,,0.06,-1.77,0,2
1191714332,0,13.89,13.89,0,0.0,,,,,,-2.36,-5.0,13,3
1191714336,0,22.219999999999995,17.73,0,0.0,60.52307692307692,14.0,3.986923076923077,4.125384615384616,1.03,0.858,-2.55,0,15
1191714356,1,13.948000000000002,15.18,0,0.009,76.176,36.66,6.754,9.366,5.66,-0.368,-5.0,8,10
1191714373,3,17.68777777777778,17.99,0,0.015555555555555557,58.038125,6.91,1.481875,7.230625,0.93,-0.0016666666666666774,-5.0,13,18
1191863687,1,2.6925,3.2,0,0.0075,9.84,8.56,-0.11,4.19,3.23,-0.07,-5.0,3,4
1191863693,1,11.86,14.68,0,0.006666666666666666,82.526,23.81,1.498,7.736,2.39,-0.49666666666666676,-5.0,21,9
1191863718,0,13.89,13.86,0,0.0,77.87,76.08,-1.42,6.97,5.52,-0.685,-5.0,7,2
1191863749,1,23.345384615384617,17.99,0,0.007692307692307692,31.0925,0.1,-0.3375,3.04375,0.61,-0.11538461538461539,-5.0,62,13
1191863774,1,10.4675,11.74,0,0.04,61.895,8.0,-0.7749999999999999,7.325,1.11,-0.6025,-5.0,2,4
1191863775,1,13.7925,13.79,0,0.0075,,,,,,-0.565,-5.0,15,4
1191863802,2,14.95125,15.03,0,0.0037500000000000003,54.8175,6.67,-0.12999999999999995,18.83,1.06,0.57875,-5.0,12,8
1191863826,2,11.4,15.59,0,0.025,10.81,8.92,-0.6499999999999999,1.085,0.99,0.735,-1.66,0,2
1191863830,0,2.78,3.44,0,0.0,85.565,68.4,-0.17,34.144999999999996,24.51,-0.7533333333333334,-4.0,2,3
1191863835,1,13.326666666666668,15.4,0,0.01,,,,,,1.09,-1.37,0,3
1191863841,2,13.605714285714287,14.39,0,0.004285714285714286,148.115,114.18,-0.48,13.7,10.62,0.4485714285714285,-2.11,0,7
1191863854,2,17.36,17.58,0,0.0275,17.025,11.61,3.7199999999999998,3.72,1.86,-0.9,-5.0,9,4
1191863867,1,10.348181818181818,13.72,0,0.004545454545454546,41.010000000000005,8.48,-0.36599999999999994,4.354,0.82,-0.05090909090909091,-5.0,7,11
1191863888,0,11.11,11.71,0,0.0,,,,,,0.02,-1.8,0,3
1191863899,1,13.821428571428571,13.89,0,0.004285714285714286,,,,,,0.2614285714285714,-2.42,0,7
1191863915,0,13.89,14.73,0,0.0,80.56,68.0,0.155,9.66,7.0,0.17555555555555558,-5.0,8,9
1191864018,0,16.67,17.27,0,0.0,45.49,43.44,1.55,5.63,4.2,0.6242857142857143,-2.16,0,14
13298747730,1,10.088333333333333,11.93,0,0.016666666666666666,11.546666666666667,7.63,-1.5266666666666666,1.5166666666666666,1.1,0.8566666666666668,-0.95,0,6
13298747731,1,10.788,11.92,0,0.008,20.783333333333335,9.99,-0.15,2.0,1.02,0.42800000000000005,-2.29,0,5
13298747732,0,11.11,10.07,0,0.0,9.5175,6.63,-1.21,1.2875,1.04,1.1375,-0.71,0,4
13298747734,0,11.11,10.83,0,0.0,,,,,,0.9533333333333333,-1.82,0,3
13298747735,0,11.11,12.27,0,0.005,90.28,90.02,-0.25,8.04,7.95,0.25,-2.22,0,4
13298747744,1,10.17,11.25,0,0.025,,,,,,1.4475,-0.87,0,4
13300645526,2,24.735,17.97,0,0.02375,17.368571428571432,0.0,0.7485714285714286,1.9171428571428568,0.55,0.10625,-5.0,19,8
13300645527,1,24.803333333333335,16.26,0,0.12000000000000001,7.569999999999999,0.0,-0.661111111111111,2.962222222222222,0.18,-0.2822222222222222,-5.0,17,9
13300645529,0,27.779999999999998,18.0,0,0.0,47.61909090909091,8.56,6.677272727272728,3.9136363636363636,1.01,0.6492307692307692,-4.75,3,13
13619904153,1,8.24,12.66,0,0.005,57.022499999999994,13.34,2.8275,5.3825,1.27,-0.15333333333333335,-4.58,4,6
13974625517,0,27.78,18.0,0,0.0,,,,,,-0.09,-1.77,0,1
13974625520,5,17.839285714285715,14.29,0,0.018571428571428572,99.8190909090909,8.8,-5.22,14.811818181818182,1.11,-0.7207142857142858,-5.0,62,14
13977163698,1,8.7425,17.23,0,0.0075,61.92,43.95,6.67,4.88,2.55,0.385,-1.76,0,4
410457342,6,9.992857142857144,12.08,0,0.0071428571428571435,,,,,,-0.05714285714285715,-4.26,4,7
5424221999,1,26.285714285714285,17.99,0,0.004285714285714286,60.104285714285716,9.19,1.2285714285714284,3.781428571428571,1.05,0.1557142857142857,-3.47,1,7
5424222002,4,19.608,17.89,0,0.012,56.98285714285714,0.1,-2.254285714285714,5.532857142857144,0.24,0.46299999999999997,-5.0,25,10
6173584946,0,11.11,11.66,0,0.0,117.05,111.43,-3.56,16.2,12.84,0.41600000000000004,-2.0,0,5
6173584950,1,10.891666666666666,12.46,0,0.015,180.202,9.47,-1.05,17.352,1.07,0.043333333333333335,-2.01,0,6
6311588102,4,22.9125,18.0,0,0.021249999999999998,66.85857142857142,14.6,0.4042857142857143,4.64,1.1,0.13624999999999998,-2.39,0,8
6311588103,0,27.78,18.0,0,0.005,95.49000000000001,6.33,2.995,6.51,1.02,0.39,-2.52,0,4
6469564795,5,12.897,15.89,0,0.0125,53.87384615384615,1.67,-1.820769230769231,12.379230769230768,0.71,-0.4699999999999999,-5.0,84,20
6469974905,2,10.87875,13.0,0,0.065,83.71125,10.98,1.2275,7.835,1.07,0.065,-2.3,0,8
6544715978,0,12.963333333333333,14.98,0,0.0,112.22500000000001,41.84,3.46,9.75,4.41,-0.40888888888888886,-5.0,32,9
6544715979,0,11.11,11.11,0,0.0,,,,,,-0.07,-4.78,1,2
663804415,0,11.11,13.1,0,0.0,64.976,20.01,1.302,6.5120000000000005,1.83,0.009166666666666668,-2.12,0,12
663825914,0,27.78,18.0,0,0.0,68.6275,13.47,0.9625000000000001,4.785,0.99,0.785,-2.46,0,6
663825934,9,13.860454545454546,18.0,1,0.01681818181818182,48.79375,0.35,1.45375,4.74125,0.58,-0.3513636363636364,-5.0,114,22
663826061,0,11.11,11.99,0,0.0,99.27,99.27,-4.15,15.76,15.76,-0.06,-4.33,7,6
663842386,2,10.75,12.22,0,0.04,31.169999999999998,10.52,2.4457142857142857,2.932857142857143,1.06,-0.15714285714285717,-4.62,4,7
663940642,3,9.799999999999999,13.55,1,0.011818181818181818,63.89000000000001,1.0,-2.313333333333333,7.9350000000000005,6.84,-0.2490909090909091,-5.0,30,11
663943263,1,11.123999999999999,12.03,0,0.002,101.1975,6.61,1.475,9.162500000000001,1.07,-0.296,-5.0,19,10
663943275,11,11.075,13.5,0,0.04125,52.9075,9.48,0.22875,5.05125,1.02,0.00125,-2.98,0,8
663943276,9,11.479999999999999,18.0,0,0.03666666666666667,43.04875,2.96,1.28,4.33875,0.42,-0.4811111111111111,-5.0,124,9
664446124,2,12.292727272727273,14.13,0,0.030000000000000002,132.82999999999998,22.4,4.89,10.8525,2.17,-0.5636363636363636,-5.0,20,11
664446125,1,11.153749999999999,11.98,0,0.0025,86.06428571428572,9.81,3.6957142857142857,8.281428571428572,1.12,-0.13125,-2.29,0,8
664446129,2,12.39,15.9,0,0.006666666666666667,58.0625,0.12,4.8133333333333335,5.5633333333333335,0.07,-0.6608333333333333,-5.0,66,12
664446531,2,16.481666666666666,17.99,0,0.013333333333333334,52.165,17.97,0.845,3.2199999999999998,1.05,-0.8966666666666666,-5.0,25,6
664446557,10,12.372272727272728,17.97,0,0.014090909090909091,50.41529411764706,0.0,-0.9276470588235295,7.033529411764706,0.06,-0.10272727272727274,-5.0,247,22
664446571,1,11.158333333333333,12.2,0,0.0016666666666666668,133.44,6.27,-1.1199999999999999,12.424999999999999,0.96,-0.7516666666666666,-5.0,19,6
664446588,3,10.93375,12.43,0,0.0075,135.57,116.24,0.45,12.9825,9.77,-0.04375,-5.0,3,8
664446590,10,16.39,18.0,0,0.017272727272727273,53.89300000000001,0.1,-3.8,5.121,0.05,-0.07363636363636365,-5.0,39,11
664446593,1,12.776,14.96,0,0.016,99.92,96.09,-8.02,17.35,14.88,0.626,-5.0,5,5
664446594,7,11.32642857142857,15.14,0,0.009285714285714286,81.54375,9.0,0.06125000000000003,10.6375,1.26,0.17928571428571427,-5.0,35,14
664446596,3,12.19625,15.18,0,0.00625,41.82,7.82,0.44,4.1433333333333335,1.15,-1.0899999999999999,-5.0,23,8
664446599,0,12.036666666666667,15.5,0,0.0,110.7075,9.69,0.16,11.3575,1.38,-0.028333333333333332,-5.0,21,12
664447004,2,11.284999999999998,15.84,0,0.0071428571428571435,83.56666666666666,22.74,3.17,7.62,1.88,-0.09071428571428572,-5.0,10,14
664447176,0,11.11,11.35,0,0.0,,,,,,-0.03,-2.06,0,1
664447206,0,12.8475,13.92,0,0.0,,,,,,0.25875,-5.0,7,8
664447208,1,11.550999999999998,15.57,0,0.004,11.84,3.9,0.11499999999999999,1.265,0.42,-0.348,-5.0,14,10
664447219,0,11.11,11.08,0,0.0,,,,,,-0.02,-2.46,0,1
664472662,5,18.9925,17.96,0,0.04125,76.73,8.79,-0.7825000000000001,8.44125,0.96,-0.56625,-5.0,100,8
664472699,3,16.903846153846153,17.89,0,0.02076923076923077,42.62583333333333,0.0,1.3116666666666668,4.59,0.05,0.08923076923076922,-5.0,55,13
664472703,2,10.681875,12.33,0,0.007500000000000001,72.352,1.94,-0.584,8.524000000000001,0.46,-1.225625,-5.0,22,16
664472707,3,12.462727272727273,15.42,0,0.017272727272727273,114.195,100.82,-6.135,47.76,47.69,-1.3163636363636364,-5.0,32,11
664472708,4,11.913846153846153,13.18,0,0.006923076923076922,92.77,91.35,0.79,9.53,9.04,-0.06923076923076922,-5.0,6,13
664472746,0,11.11,10.01,0,0.0,,,,,,-0.14,-1.78,0,1
664472749,3,12.1175,15.36,0,0.025833333333333333,63.73363636363636,10.1,1.3209090909090908,8.65,1.11,-0.54,-5.0,40,12
664472751,2,15.039333333333333,18.0,0,0.006666666666666667,47.61923076923077,10.09,1.6207692307692307,5.1,0.92,-1.156,-5.0,123,15
664472776,5,10.652727272727272,13.55,0,0.01636363636363636,102.70444444444445,0.14,-2.4266666666666667,14.304444444444446,0.4,-0.28818181818181815,-5.0,34,11
7371768928,0,11.11,11.73,0,0.0,,,,,,0.5766666666666667,-2.37,0,9
9189383180,0,11.1125,13.89,0,0.0,23.29,9.3,5.609999999999999,3.9375,1.33,-1.9,-5.0,20,4
cluster_10279701138_664472033,3,15.408181818181818,18.0,0,0.01,24.83,16.71,-2.685,2.455,1.76,-0.21454545454545454,-4.0,1,11
cluster_10279701141_664472702,11,16.045151515151517,17.98,0,0.053636363636363635,65.76,0.0,-0.4537037037037037,13.505185185185185,0.28,-0.014242424242424256,-5.0,55,33
cluster_10279701142_664471710,67,10.198409090909092,17.98,22,0.08454545454545455,50.93285714285714,0.0,-1.4185714285714286,10.542142857142856,0.5,0.28136363636363637,-5.0,118,44
cluster_10279761592_11942000229_11942000233_663943274,32,9.631764705882354,17.95,8,0.058823529411764705,44.839375,0.0,0.854375,5.278125,0.37,-0.3805882352941176,-5.0,184,17
cluster_10279842289_10846984358_2281204203_663943533,0,16.666666666666668,18.0,0,0.0033333333333333335,40.05,32.11,3.23,3.84,3.02,-0.39999999999999997,-4.77,8,3
cluster_10281958922_663940594,37,15.381764705882354,18.0,21,0.09411764705882353,67.5192,0.0,0.23719999999999997,5.7036,0.5,0.008823529411764707,-5.0,61,34
cluster_10281958925_10281958926_6508834064_6508834065_#1more,60,9.8965625,17.99,32,0.0909375,55.47870967741935,0.0,1.9009677419354838,7.041935483870968,0.37,-0.559375,-5.0,343,32
cluster_10281958932_663804338,4,14.922285714285717,17.67,0,0.01,73.50083333333333,9.88,-2.1566666666666667,18.279090909090908,1.11,-0.2805714285714286,-5.0,82,35
cluster_10281958935_12287656430_12287656431_663940647,4,14.362105263157895,17.26,0,0.00631578947368421,101.985,16.67,-5.5424999999999995,13.114999999999998,1.31,-0.3263157894736842,-5.0,33,19
cluster_10281965682_663944134,13,12.550952380952381,18.0,1,0.015714285714285715,80.35947368421053,0.0,-1.4042105263157894,7.480526315789473,0.07,-0.04095238095238095,-5.0,90,21
cluster_10560867453_663943486,4,16.12181818181818,18.0,1,0.008636363636363636,46.26052631578948,0.0,-0.31842105263157894,6.176111111111111,0.37,-0.9754545454545455,-5.0,134,22
cluster_10917990606_663844223,5,17.906875,18.0,4,1.29875,52.12733333333333,0.0,-3.228,22.356428571428573,0.55,-0.60625,-5.0,99,16
cluster_10943433501_10943433503,9,13.521,18.0,3,0.016999999999999998,64.17923076923077,0.0,-1.4707692307692308,7.94923076923077,0.5,0.2565,-5.0,90,20
cluster_10943484228_1190100465,0,13.89,13.84,0,0.0,59.98500000000001,5.02,0.9983333333333332,6.521666666666667,1.19,-1.8257142857142856,-5.0,65,7
cluster_10943717330_6470135655,0,11.904285714285715,13.05,0,0.0,83.98166666666667,0.12,0.25666666666666665,9.203333333333333,0.92,-0.04714285714285715,-5.0,13,14
cluster_11126932580_1189036622,1,19.24,18.0,0,0.013333333333333334,63.803333333333335,19.08,6.48,3.8033333333333332,1.09,0.04,-2.39,0,3
cluster_11158897098_664472732,7,16.598333333333333,18.0,0,0.0075,100.42125,0.1,0.69375,9.585625,0.08,0.18375,-5.0,62,24
cluster_11158897100_11158897101_11158897102_664471748_#1more,46,10.384117647058824,17.99,28,0.054411764705882354,44.268214285714286,0.0,-0.20964285714285716,7.987777777777778,0.19,-0.06852941176470588,-5.0,252,34
cluster_11502623494_11502623496_1186025300_13298747739,2,9.09,11.39,1,0.0275,54.595,0.0,0.06500000000000006,15.11125,0.56,-0.1025,-5.0,26,8
cluster_11502623497_1177160337,7,8.82375,12.24,0,0.0375,44.35,0.0,0.97,19.04625,0.53,-0.36875,-5.0,59,8
cluster_1174832725_13298747729_13298747740,1,10.894,11.7,0,0.006,29.99333333333333,1.24,2.34,5.916666666666667,0.65,-0.134,-5.0,29,5
cluster_1176977581_1176977943,2,11.783636363636363,14.53,0,0.009090909090909092,120.89200000000001,100.3,-2.1060000000000003,15.913999999999998,8.63,-0.2509090909090909,-5.0,19,11
cluster_1177160373_664472773,19,11.6744,16.62,8,0.0644,58.98761904761905,0.0,0.7314285714285714,7.229523809523809,0.04,-0.7439999999999999,-5.0,170,25
cluster_1177160434_1177161050,2,18.875555555555554,18.0,0,0.0022222222222222222,100.95545454545454,5.66,1.3790909090909091,9.172727272727274,0.51,-0.9733333333333333,-5.0,65,18
cluster_1177161169_664472775,12,11.85,17.95,6,0.05941176470588235,31.21466666666667,0.0,0.3693333333333333,4.788666666666667,0.1,-0.8688235294117647,-5.0,269,17
cluster_1177161441_1190128246,4,15.793000000000001,17.59,0,0.031,62.226,0.1,-2.4210000000000003,5.554,0.16,1.012,-5.0,7,10
cluster_1177211304_1177211692,54,9.561666666666667,17.99,43,0.19666666666666666,37.92888888888889,0.0,3.1855555555555557,5.225555555555555,0.5,-0.09750000000000002,-5.0,120,12
cluster_1177211336_1191714436,2,13.05777777777778,13.89,0,0.008333333333333335,61.38307692307693,3.38,2.2146153846153847,7.929230769230769,0.99,-0.3972222222222222,-5.0,50,18
cluster_1177211353_1177211711,2,20.436875,17.99,0,0.007500000000000001,49.39,2.15,1.59,6.414285714285714,0.86,-0.11374999999999998,-5.0,28,16
cluster_1177211367_9189383185,5,8.583846153846155,14.32,0,0.015384615384615385,65.04454545454546,1.99,-1.2772727272727273,19.35363636363636,0.91,-0.16461538461538458,-5.0,17,13
cluster_1177211394_1177211683,28,9.206999999999999,17.89,16,0.121,50.305,0.0,-3.376,6.63,0.17,0.726,-5.0,53,10
cluster_1177211428_1177211911,2,15.526923076923076,18.0,0,0.006923076923076924,50.833333333333336,18.29,7.646666666666666,3.573333333333333,1.52,-0.893076923076923,-5.0,32,13
cluster_1177211698_663826189,6,10.905714285714286,14.86,1,0.018571428571428572,54.309411764705885,0.1,0.713529411764706,7.40625,0.46,-0.430952380952381,-5.0,73,21
cluster_1177211838_13300645525_13300645528,21,12.509,17.82,16,0.1895,28.74666666666667,0.0,-1.6133333333333333,10.127222222222223,0.47,-0.4925,-5.0,93,20
cluster_1177212073_13300645524_664471560,21,10.532857142857143,16.48,13,0.09857142857142857,26.590370370370373,0.0,-1.2003703703703703,13.252592592592592,0.03,-0.4160714285714286,-5.0,164,28
cluster_1186025344_13298747727_13298747728_13298747738_#3more,36,2.8072222222222223,12.88,28,0.07833333333333332,33.845882352941175,0.0,-0.10058823529411762,18.283529411764704,0.17,-0.2827777777777778,-5.0,154,18
cluster_1189036471_1189036770,3,13.040000000000001,14.56,0,0.016428571428571428,96.74714285714286,15.4,-0.10714285714285714,11.747142857142858,1.73,0.7221428571428571,-5.0,10,14
cluster_1189036595_13298747741,1,9.628333333333332,11.95,0,0.013333333333333334,7.355,0.09,0.6050000000000001,1.32,0.54,0.19833333333333336,-5.0,18,6
cluster_1189036692_13298747742,2,11.0625,12.0,0,0.035,7.779999999999999,0.95,0.9075,1.1975,0.53,-1.1875,-5.0,28,4
cluster_1190100404_664446591,5,11.345454545454546,14.43,0,0.010909090909090908,60.886,13.86,0.08599999999999992,6.7700000000000005,1.4,-0.11090909090909089,-5.0,7,11
cluster_1190128285_13300645523_13300645535,1,25.465000000000003,16.64,1,0.011666666666666667,45.116,3.05,1.05,17.097,0.58,0.0558333333333333,-5.0,26,12
cluster_1191714258_1191714350,2,12.198571428571428,14.26,0,0.02,,,,,,1.0042857142857142,-5.0,4,7
cluster_1191863963_1191864049,4,13.079285714285716,14.5,0,0.008571428571428572,80.30428571428571,50.58,-1.6171428571428572,10.415714285714285,4.22,-0.7057142857142857,-5.0,44,14
cluster_11942000227_11942000230_6173706992,12,20.077499999999997,18.0,2,0.010714285714285714,76.38238095238096,3.58,0.8500000000000001,7.8375,0.61,-0.9567857142857142,-5.0,237,28
cluster_11942000232_664472748,7,14.468,18.0,0,0.009,81.34375,0.1,-0.4881249999999999,9.285625,0.02,0.0495,-5.0,43,20
cluster_11944729366_664471711,24,17.32241379310345,18.0,5,0.036551724137931035,62.39692307692307,0.0,0.4392307692307692,6.3769230769230765,0.29,-0.6051724137931035,-5.0,296,29
cluster_13298740740_664446558,21,8.617999999999999,17.96,11,0.07666666666666666,35.96933333333333,0.0,-1.9653333333333334,9.004666666666667,0.5,-0.43866666666666665,-5.0,208,15
cluster_13298747733_13298747737_663825864,8,10.323529411764707,13.31,1,0.015294117647058824,38.73090909090909,0.0,-0.9836363636363636,7.6890909090909085,0.46,-0.24882352941176472,-5.0,74,17
cluster_13298747747_13298747748_13298747749_13298747755_#2more,25,4.041052631578947,12.38,15,0.1031578947368421,41.32055555555556,0.0,-2.163333333333333,12.193333333333333,0.06,-0.2557894736842105,-5.0,146,19
cluster_13298747750_13298747754_7007141699,4,16.650833333333335,15.25,1,0.037500000000000006,50.193333333333335,0.0,-3.435,10.109166666666667,0.5,-0.26666666666666666,-5.0,82,12
cluster_13298747751_6469124180,5,7.778999999999999,12.64,5,0.10699999999999998,50.905,0.0,-0.545,23.12,0.52,-0.6900000000000001,-5.0,48,10
cluster_13300645520_13300645530_663844204,2,19.107,17.41,1,0.05900000000000001,27.906,0.0,-2.5170000000000003,19.966250000000002,0.55,-0.509,-5.0,63,10
cluster_13908994425_13908994429_13908994430,17,13.46875,17.92,4,0.08125,28.42571428571429,0.0,0.3828571428571429,5.372857142857143,0.51,0.49624999999999997,-5.0,95,8
cluster_13977163696_13977163697_664447214,0,19.445,18.0,0,0.0,,,,,,-0.6599999999999999,-5.0,5,2
cluster_5424222000_664446587,9,20.087777777777777,18.0,0,0.020000000000000004,75.75266666666667,0.1,1.4606666666666668,6.5873333333333335,0.05,-0.047777777777777766,-5.0,91,18
cluster_5424222009_664446539,7,19.80090909090909,18.0,0,0.04090909090909091,50.48090909090909,8.98,1.2463636363636363,4.995454545454545,0.99,-1.5154545454545456,-5.0,152,11
cluster_663842376_663944135,8,20.567692307692308,18.0,0,0.02076923076923077,61.92636363636364,0.0,1.6527272727272726,4.971818181818182,0.52,-0.34307692307692306,-5.0,98,13
cluster_663943516_664446119,7,10.873846153846152,14.53,0,0.006153846153846154,84.92307692307692,17.2,3.6500000000000004,9.816923076923077,1.68,-0.12538461538461537,-5.0,31,13
cluster_664446535_8507351665_8507351666,43,6.155714285714285,15.96,23,0.06642857142857143,31.266428571428573,0.0,0.5914285714285714,7.442142857142857,0.03,0.11857142857142858,-5.0,141,14
