node_id,intervention,mean_total_conflicts,std_total_conflicts,mean_severe_conflicts,std_severe_conflicts,num_replicates,subnet_baseline_conflicts,subnet_baseline_severe,baseline_mean_conflicts,baseline_mean_severe,conflict_delta,conflict_pct_change,severe_delta,severe_pct_change,node_type,has_signal,num_lanes_total,num_connected_edges,avg_speed_limit_ms,lat,lon,total_vehicle_count,mean_speed_ms,max_speed_observed_ms,total_halting_count,mean_occupancy_pct,mean_gap_m,min_gap_m,mean_rel_velocity_ms,mean_time_gap_s,min_time_gap_s,mean_acceleration_ms2,min_acceleration_ms2,total_hard_brakes,num_lane_rows,likely_real_effect
1177160864,add_signal,1344.3333333333333,42.770706486254525,394.0,19.974984355438178,3,1209.3333333333333,335.6666666666667,154,48,135.0,11.163175303197354,58.333333333333314,17.378351539225413,priority,False,4,4,18.05,22.56767952940121,88.3550875745227,42,6.759285714285714,17.98,18,0.1392857142857143,22.205714285714286,0.0,1.6535714285714285,3.597857142857143,0.08,-0.4585714285714286,-5.0,225,14,True
1177160864,none,1209.3333333333333,40.27819923151152,335.6666666666667,31.06981386061611,3,1209.3333333333333,335.6666666666667,154,48,0.0,0.0,0.0,0.0,priority,False,4,4,18.05,22.56767952940121,88.3550875745227,42,6.759285714285714,17.98,18,0.1392857142857143,22.205714285714286,0.0,1.6535714285714285,3.597857142857143,0.08,-0.4585714285714286,-5.0,225,14,False
1177160864,speed_breaker,1174.3333333333333,16.921386861996066,326.3333333333333,27.736858750286302,3,1209.3333333333333,335.6666666666667,154,48,-35.0,-2.894156560088203,-9.333333333333371,-2.7805362462760788,priority,False,4,4,18.05,22.56767952940121,88.3550875745227,42,6.759285714285714,17.98,18,0.1392857142857143,22.205714285714286,0.0,1.6535714285714285,3.597857142857143,0.08,-0.4585714285714286,-5.0,225,14,True
1177212157,add_signal,3120.0,25.534290669607408,1036.6666666666667,41.476901202155105,3,3087.0,1011.0,80,26,33.0,1.0689990281827018,25.666666666666742,2.538740520936374,priority,False,5,5,26.67,22.56810642844221,88.36025779779922,105,13.7,18.0,77,0.2134782608695652,21.077142857142857,0.0,1.5742857142857145,3.3704761904761904,0.11,0.1852173913043478,-5.0,158,23,False
1177212157,none,3087.0,54.3415126767741,1011.0,20.074859899884732,3,3087.0,1011.0,80,26,0.0,0.0,0.0,0.0,priority,False,5,5,26.67,22.56810642844221,88.36025779779922,105,13.7,18.0,77,0.2134782608695652,21.077142857142857,0.0,1.5742857142857145,3.3704761904761904,0.11,0.1852173913043478,-5.0,158,23,False
1177212157,speed_breaker,3102.3333333333335,115.09271624795953,992.6666666666666,20.79262689833427,3,3087.0,1011.0,80,26,15.333333333333485,0.49670661915560366,-18.33333333333337,-1.8133860863831226,priority,False,5,5,26.67,22.56810642844221,88.36025779779922,105,13.7,18.0,77,0.2134782608695652,21.077142857142857,0.0,1.5742857142857145,3.3704761904761904,0.11,0.1852173913043478,-5.0,158,23,False
13300645527,none,3254.3333333333335,97.70533932868419,1107.0,16.703293088490067,3,3254.3333333333335,1107.0,79,29,0.0,0.0,0.0,0.0,rail_crossing,False,6,6,23.15,22.56821888511195,88.36027835176473,1,24.80333333333333,16.26,0,0.12,7.569999999999999,0.0,-0.661111111111111,2.962222222222222,0.18,-0.2822222222222222,-5.0,17,9,False
13300645527,speed_breaker,3230.6666666666665,186.32319590789913,1082.6666666666667,44.060564378288795,3,3254.3333333333335,1107.0,79,29,-23.66666666666697,-0.7272354808972745,-24.333333333333258,-2.1981330924420286,rail_crossing,False,6,6,23.15,22.56821888511195,88.36027835176473,1,24.80333333333333,16.26,0,0.12,7.569999999999999,0.0,-0.661111111111111,2.962222222222222,0.18,-0.2822222222222222,-5.0,17,9,False
664472699,add_signal,1165.3333333333333,70.86842268128548,328.3333333333333,19.399312702601954,3,1126.0,303.6666666666667,82,12,39.33333333333326,3.4931912374185843,24.66666666666663,8.122941822173422,priority,False,4,4,18.05,22.56797131329064,88.35458928487955,3,16.903846153846153,17.89,0,0.0207692307692307,42.62583333333333,0.0,1.3116666666666668,4.59,0.05,0.0892307692307692,-5.0,55,13,False
664472699,none,1126.0,29.444863728670914,303.6666666666667,14.011899704655802,3,1126.0,303.6666666666667,82,12,0.0,0.0,0.0,0.0,priority,False,4,4,18.05,22.56797131329064,88.35458928487955,3,16.903846153846153,17.89,0,0.0207692307692307,42.62583333333333,0.0,1.3116666666666668,4.59,0.05,0.0892307692307692,-5.0,55,13,False
664472699,speed_breaker,1114.6666666666667,85.14888920786535,289.3333333333333,28.095076674273976,3,1126.0,303.6666666666667,82,12,-11.333333333333258,-1.006512729425689,-14.333333333333371,-4.720087815587279,priority,False,4,4,18.05,22.56797131329064,88.35458928487955,3,16.903846153846153,17.89,0,0.0207692307692307,42.62583333333333,0.0,1.3116666666666668,4.59,0.05,0.0892307692307692,-5.0,55,13,False
cluster_10279701142_664471710,add_signal,1386.3333333333333,16.65332799572904,451.0,16.522711641858304,3,1146.6666666666667,330.3333333333333,179,74,239.66666666666652,20.90116279069766,120.66666666666669,36.5287588294652,priority,False,12,8,16.67,22.567898961306405,88.35605718601485,67,10.198409090909092,17.98,22,0.0845454545454545,50.93285714285714,0.0,-1.4185714285714286,10.542142857142856,0.5,0.2813636363636363,-5.0,118,44,True
cluster_10279701142_664471710,none,1146.6666666666667,45.50091574170056,330.3333333333333,24.78574859336173,3,1146.6666666666667,330.3333333333333,179,74,0.0,0.0,0.0,0.0,priority,False,12,8,16.67,22.567898961306405,88.35605718601485,67,10.198409090909092,17.98,22,0.0845454545454545,50.93285714285714,0.0,-1.4185714285714286,10.542142857142856,0.5,0.2813636363636363,-5.0,118,44,False
cluster_10279701142_664471710,speed_breaker,1174.3333333333333,39.62743157628729,341.0,13.076696830622021,3,1146.6666666666667,330.3333333333333,179,74,27.666666666666515,2.412790697674405,10.666666666666686,3.2290615539858782,priority,False,12,8,16.67,22.567898961306405,88.35605718601485,67,10.198409090909092,17.98,22,0.0845454545454545,50.93285714285714,0.0,-1.4185714285714286,10.542142857142856,0.5,0.2813636363636363,-5.0,118,44,False
cluster_10279761592_11942000229_11942000233_663943274,add_signal,2169.6666666666665,111.63482132978646,617.3333333333334,32.34707611722167,3,2269.0,648.6666666666666,104,32,-99.33333333333348,-4.3778463346555085,-31.333333333333258,-4.8304213771839555,priority,False,7,7,17.46,22.56808017789596,88.34907729316154,32,9.631764705882354,17.95,8,0.0588235294117647,44.839375,0.0,0.854375,5.278125,0.37,-0.3805882352941176,-5.0,184,17,False
cluster_10279761592_11942000229_11942000233_663943274,none,2269.0,127.33027919548437,648.6666666666666,10.016652800877813,3,2269.0,648.6666666666666,104,32,0.0,0.0,0.0,0.0,priority,False,7,7,17.46,22.56808017789596,88.34907729316154,32,9.631764705882354,17.95,8,0.0588235294117647,44.839375,0.0,0.854375,5.278125,0.37,-0.3805882352941176,-5.0,184,17,False
cluster_10279761592_11942000229_11942000233_663943274,speed_breaker,2311.3333333333335,43.650124092988925,652.3333333333334,32.39341496868357,3,2269.0,648.6666666666666,104,32,42.333333333333485,1.8657264580578883,3.6666666666667425,0.5652620760534547,priority,False,7,7,17.46,22.56808017789596,88.34907729316154,32,9.631764705882354,17.95,8,0.0588235294117647,44.839375,0.0,0.854375,5.278125,0.37,-0.3805882352941176,-5.0,184,17,False
cluster_10281958925_10281958926_6508834064_6508834065_#1more,add_signal,1835.6666666666667,22.678918257565435,597.3333333333334,33.842773723992146,3,1608.0,504.3333333333333,190,48,227.66666666666674,14.158374792703155,93.00000000000006,18.440185062789173,priority,False,11,7,17.43,22.57242988055185,88.358576276534,60,9.8965625,17.99,32,0.0909375,55.47870967741935,0.0,1.900967741935484,7.041935483870968,0.37,-0.559375,-5.0,343,32,True
cluster_10281958925_10281958926_6508834064_6508834065_#1more,none,1608.0,60.6217782649107,504.3333333333333,39.57692930652065,3,1608.0,504.3333333333333,190,48,0.0,0.0,0.0,0.0,priority,False,11,7,17.43,22.57242988055185,88.358576276534,60,9.8965625,17.99,32,0.0909375,55.47870967741935,0.0,1.900967741935484,7.041935483870968,0.37,-0.559375,-5.0,343,32,False
cluster_10281958925_10281958926_6508834064_6508834065_#1more,speed_breaker,1631.6666666666667,122.54114955121538,520.3333333333334,61.53318887668129,3,1608.0,504.3333333333333,190,48,23.666666666666742,1.4718076285240511,16.000000000000057,3.1725049570390067,priority,False,11,7,17.43,22.57242988055185,88.358576276534,60,9.8965625,17.99,32,0.0909375,55.47870967741935,0.0,1.900967741935484,7.041935483870968,0.37,-0.559375,-5.0,343,32,False
cluster_11158897100_11158897101_11158897102_664471748_#1more,add_signal,1340.3333333333333,41.88476254359497,407.6666666666667,11.590225767142478,3,1164.3333333333333,340.6666666666667,114,50,176.0,15.115946178070427,67.0,19.667318982387474,priority,False,12,8,18.06,22.5670752823748,88.35445497749566,46,10.384117647058824,17.99,28,0.0544117647058823,44.268214285714286,0.0,-0.2096428571428571,7.987777777777778,0.19,-0.0685294117647058,-5.0,252,34,True
cluster_11158897100_11158897101_11158897102_664471748_#1more,none,1164.3333333333333,7.505553499465164,340.6666666666667,23.79775899813537,3,1164.3333333333333,340.6666666666667,114,50,0.0,0.0,0.0,0.0,priority,False,12,8,18.06,22.5670752823748,88.35445497749566,46,10.384117647058824,17.99,28,0.0544117647058823,44.268214285714286,0.0,-0.2096428571428571,7.987777777777778,0.19,-0.0685294117647058,-5.0,252,34,False
cluster_11158897100_11158897101_11158897102_664471748_#1more,speed_breaker,1218.0,72.85602240034794,350.0,60.802960454241045,3,1164.3333333333333,340.6666666666667,114,50,53.66666666666674,4.609218436873754,9.333333333333314,2.7397260273972543,priority,False,12,8,18.06,22.5670752823748,88.35445497749566,46,10.384117647058824,17.99,28,0.0544117647058823,44.268214285714286,0.0,-0.2096428571428571,7.987777777777778,0.19,-0.0685294117647058,-5.0,252,34,True
cluster_1177211304_1177211692,add_signal,3309.0,39.35733730830886,1079.3333333333333,11.15048578911852,3,3372.0,1074.0,182,44,-63.0,-1.8683274021352312,5.3333333333332575,0.4965859714462996,priority,False,6,6,13.89,22.56827549787022,88.35952267177686,54,9.561666666666667,17.99,43,0.1966666666666666,37.92888888888889,0.0,3.185555555555556,5.225555555555555,0.5,-0.0975,-5.0,120,12,False
cluster_1177211304_1177211692,none,3372.0,156.61417560361514,1074.0,57.37595315112421,3,3372.0,1074.0,182,44,0.0,0.0,0.0,0.0,priority,False,6,6,13.89,22.56827549787022,88.35952267177686,54,9.561666666666667,17.99,43,0.1966666666666666,37.92888888888889,0.0,3.185555555555556,5.225555555555555,0.5,-0.0975,-5.0,120,12,False
cluster_1177211304_1177211692,speed_breaker,3415.0,215.39730731835994,1100.6666666666667,87.32315462312006,3,3372.0,1074.0,182,44,43.0,1.2752075919335706,26.666666666666742,2.4829298572315404,priority,False,6,6,13.89,22.56827549787022,88.35952267177686,54,9.561666666666667,17.99,43,0.1966666666666666,37.92888888888889,0.0,3.185555555555556,5.225555555555555,0.5,-0.0975,-5.0,120,12,False
cluster_1177211838_13300645525_13300645528,none,3294.0,158.0759311217239,1061.0,87.06893820416096,3,3294.0,1061.0,87,28,0.0,0.0,0.0,0.0,traffic_light,True,10,10,19.45,22.56748068114817,88.3601725919936,21,12.509,17.82,16,0.1895,28.74666666666667,0.0,-1.6133333333333333,10.127222222222224,0.47,-0.4925,-5.0,93,20,False
cluster_1177211838_13300645525_13300645528,signal_retiming,3332.0,375.90291299749197,1084.6666666666667,159.65379210445752,3,3294.0,1061.0,87,28,38.0,1.153612629022465,23.666666666666742,2.230600062833812,traffic_light,True,10,10,19.45,22.56748068114817,88.3601725919936,21,12.509,17.82,16,0.1895,28.74666666666667,0.0,-1.6133333333333333,10.127222222222224,0.47,-0.4925,-5.0,93,20,False
cluster_1177211838_13300645525_13300645528,speed_breaker,3234.0,73.65459931328118,1046.3333333333333,63.12949653952049,3,3294.0,1061.0,87,28,-60.0,-1.8214936247723135,-14.666666666666742,-1.3823437009110973,traffic_light,True,10,10,19.45,22.56748068114817,88.3601725919936,21,12.509,17.82,16,0.1895,28.74666666666667,0.0,-1.6133333333333333,10.127222222222224,0.47,-0.4925,-5.0,93,20,False
cluster_1177212073_13300645524_664471560,none,3298.3333333333335,88.66979944340306,1041.0,63.66317616958802,3,3298.3333333333335,1041.0,116,44,0.0,0.0,0.0,0.0,traffic_light,True,10,10,17.22,22.566923595657745,88.36006394234461,21,10.532857142857145,16.48,13,0.0985714285714285,26.590370370370373,0.0,-1.2003703703703703,13.252592592592592,0.03,-0.4160714285714286,-5.0,164,28,False
cluster_1177212073_13300645524_664471560,signal_retiming,3340.3333333333335,193.2209443443782,1048.6666666666667,94.51102228488129,3,3298.3333333333335,1041.0,116,44,42.0,1.2733703890853967,7.6666666666667425,0.7364713416586688,traffic_light,True,10,10,17.22,22.566923595657745,88.36006394234461,21,10.532857142857145,16.48,13,0.0985714285714285,26.590370370370373,0.0,-1.2003703703703703,13.252592592592592,0.03,-0.4160714285714286,-5.0,164,28,False
cluster_1177212073_13300645524_664471560,speed_breaker,3333.3333333333335,52.21430199986711,1030.0,29.866369046136157,3,3298.3333333333335,1041.0,116,44,35.0,1.0611419909044972,-11.0,-1.0566762728146013,traffic_light,True,10,10,17.22,22.566923595657745,88.36006394234461,21,10.532857142857145,16.48,13,0.0985714285714285,26.590370370370373,0.0,-1.2003703703703703,13.252592592592592,0.03,-0.4160714285714286,-5.0,164,28,False
cluster_1186025344_13298747727_13298747728_13298747738_#3more,none,3262.6666666666665,193.4536981640137,1050.6666666666667,82.62162751564105,3,3262.6666666666665,1050.6666666666667,124,44,0.0,0.0,0.0,0.0,traffic_light,True,15,15,11.85,22.57220210547858,88.35292185263569,36,2.8072222222222223,12.88,28,0.0783333333333333,33.845882352941175,0.0,-0.1005882352941176,18.283529411764704,0.17,-0.2827777777777778,-5.0,154,18,False
cluster_1186025344_13298747727_13298747728_13298747738_#3more,signal_retiming,3124.6666666666665,210.86804720804267,1051.3333333333333,85.23105850177699,3,3262.6666666666665,1050.6666666666667,124,44,-138.0,-4.229668982427462,0.6666666666665151,0.06345177664973176,traffic_light,True,15,15,11.85,22.57220210547858,88.35292185263569,36,2.8072222222222223,12.88,28,0.0783333333333333,33.845882352941175,0.0,-0.1005882352941176,18.283529411764704,0.17,-0.2827777777777778,-5.0,154,18,False
cluster_1186025344_13298747727_13298747728_13298747738_#3more,speed_breaker,3097.6666666666665,113.707226390117,1008.3333333333334,36.9368831025756,3,3262.6666666666665,1050.6666666666667,124,44,-165.0,-5.057212913771966,-42.33333333333337,-4.029187817258887,traffic_light,True,15,15,11.85,22.57220210547858,88.35292185263569,36,2.8072222222222223,12.88,28,0.0783333333333333,33.845882352941175,0.0,-0.1005882352941176,18.283529411764704,0.17,-0.2827777777777778,-5.0,154,18,True
cluster_11944729366_664471711,add_signal,1460.3333333333333,76.95669778085161,473.3333333333333,43.00387579432037,3,1290.3333333333333,409.6666666666667,151,29,170.0,13.174890209248257,63.66666666666663,15.541090317331156,priority,False,9,5,19.75,22.56849216235412,88.35730189161745,24,17.32241379310345,18.0,5,0.036551724137931,62.39692307692307,0.0,0.4392307692307692,6.3769230769230765,0.29,-0.6051724137931035,-5.0,296,29,True
cluster_11944729366_664471711,none,1290.3333333333333,77.65522090196724,409.6666666666667,68.77014856268185,3,1290.3333333333333,409.6666666666667,151,29,0.0,0.0,0.0,0.0,priority,False,9,5,19.75,22.56849216235412,88.35730189161745,24,17.32241379310345,18.0,5,0.036551724137931,62.39692307692307,0.0,0.4392307692307692,6.3769230769230765,0.29,-0.6051724137931035,-5.0,296,29,False
cluster_11944729366_664471711,speed_breaker,1303.6666666666667,41.63331998932263,397.3333333333333,21.385353243127245,3,1290.3333333333333,409.6666666666667,151,29,13.333333333333485,1.0333247222939927,-12.333333333333371,-3.010577705451596,priority,False,9,5,19.75,22.56849216235412,88.35730189161745,24,17.32241379310345,18.0,5,0.036551724137931,62.39692307692307,0.0,0.4392307692307692,6.3769230769230765,0.29,-0.6051724137931035,-5.0,296,29,False
cluster_13298740740_664446558,none,2629.6666666666665,100.30121302024881,877.6666666666666,71.65426249242493,3,2629.6666666666665,877.6666666666666,122,34,0.0,0.0,0.0,0.0,traffic_light,True,8,8,15.28,22.57395063408587,88.35363012487605,21,8.617999999999999,17.96,11,0.0766666666666666,35.96933333333333,0.0,-1.9653333333333332,9.004666666666667,0.5,-0.4386666666666666,-5.0,208,15,False
cluster_13298740740_664446558,signal_retiming,2629.6666666666665,100.30121302024881,877.6666666666666,71.65426249242493,3,2629.6666666666665,877.6666666666666,122,34,0.0,0.0,0.0,0.0,traffic_light,True,8,8,15.28,22.57395063408587,88.35363012487605,21,8.617999999999999,17.96,11,0.0766666666666666,35.96933333333333,0.0,-1.9653333333333332,9.004666666666667,0.5,-0.4386666666666666,-5.0,208,15,False
cluster_13298740740_664446558,speed_breaker,2570.0,86.18584570566097,877.0,33.28663395418648,3,2629.6666666666665,877.6666666666666,122,34,-59.666666666666515,-2.26898212701229,-0.6666666666666288,-0.07595898214963488,traffic_light,True,8,8,15.28,22.57395063408587,88.35363012487605,21,8.617999999999999,17.96,11,0.0766666666666666,35.96933333333333,0.0,-1.9653333333333332,9.004666666666667,0.5,-0.4386666666666666,-5.0,208,15,False
cluster_664446535_8507351665_8507351666,none,2407.6666666666665,37.81974792794547,798.0,38.97435053981015,3,2407.6666666666665,798.0,174,44,0.0,0.0,0.0,0.0,traffic_light,True,8,8,13.2,22.5731532548366,88.35338610162907,43,6.155714285714285,15.96,23,0.0664285714285714,31.266428571428573,0.0,0.5914285714285714,7.442142857142857,0.03,0.1185714285714285,-5.0,141,14,False
cluster_664446535_8507351665_8507351666,signal_retiming,2602.0,98.08669634563088,853.0,48.662100242385755,3,2407.6666666666665,798.0,174,44,194.33333333333348,8.071438460473495,55.0,6.8922305764411025,traffic_light,True,8,8,13.2,22.5731532548366,88.35338610162907,43,6.155714285714285,15.96,23,0.0664285714285714,31.266428571428573,0.0,0.5914285714285714,7.442142857142857,0.03,0.1185714285714285,-5.0,141,14,True
cluster_664446535_8507351665_8507351666,speed_breaker,2492.6666666666665,29.535289626704696,846.0,61.554853586049575,3,2407.6666666666665,798.0,174,44,85.0,3.530389035026997,48.0,6.015037593984962,traffic_light,True,8,8,13.2,22.5731532548366,88.35338610162907,43,6.155714285714285,15.96,23,0.0664285714285714,31.266428571428573,0.0,0.5914285714285714,7.442142857142857,0.03,0.1185714285714285,-5.0,141,14,True
